{
  "project_info": {
    "project_number": "125901066377",
    "project_id": "smart-monitor-16fa1",
    "storage_bucket": "smart-monitor-16fa1.appspot.com"
  },
  "client": [
    {
      "client_info": {
        "mobilesdk_app_id": "1:125901066377:android:cdb8a833a8eae97ab1b658",
        "android_client_info": {
          "package_name": "com.example.smartmonitor"
        }
      },
      "oauth_client": [
        {
          "client_id": "125901066377-vb1n2vi0mkcgda963bin70f00kogt99v.apps.googleusercontent.com",
          "client_type": 3
        }
      ],
      "api_key": [
        {
          "current_key": "AIzaSyCjmTklFFf9OAXAJlyKg05avrVjJL882Oc"
        }
      ],
      "services": {
        "appinvite_service": {
          "other_platform_oauth_client": [
            {
              "client_id": "125901066377-vb1n2vi0mkcgda963bin70f00kogt99v.apps.googleusercontent.com",
              "client_type": 3
            }
          ]
        }
      }
    }
  ],
  "configuration_version": "1"
}