<annotation>
	<folder>base ball bat</folder>
	<filename>image_49.jpg</filename>
	<path>D:\project\custom data\test\base ball bat\image_49.jpg</path>
	<source>
		<database>Unknown</database>
	</source>
	<size>
		<width>474</width>
		<height>106</height>
		<depth>3</depth>
	</size>
	<segmented>0</segmented>
	<object>
		<name>bat</name>
		<pose>Unspecified</pose>
		<truncated>1</truncated>
		<difficult>0</difficult>
		<bndbox>
			<xmin>1</xmin>
			<ymin>29</ymin>
			<xmax>474</xmax>
			<ymax>68</ymax>
		</bndbox>
	</object>
</annotation>
