<annotation>
	<folder>base ball bat</folder>
	<filename>image_51.jpg</filename>
	<path>D:\project\custom data\test\base ball bat\image_51.jpg</path>
	<source>
		<database>Unknown</database>
	</source>
	<size>
		<width>225</width>
		<height>225</height>
		<depth>3</depth>
	</size>
	<segmented>0</segmented>
	<object>
		<name>bat</name>
		<pose>Unspecified</pose>
		<truncated>0</truncated>
		<difficult>0</difficult>
		<bndbox>
			<xmin>14</xmin>
			<ymin>112</ymin>
			<xmax>203</xmax>
			<ymax>130</ymax>
		</bndbox>
	</object>
</annotation>
