<annotation>
	<folder>base ball bat</folder>
	<filename>image_76.jpg</filename>
	<path>D:\project\custom data\test\base ball bat\image_76.jpg</path>
	<source>
		<database>Unknown</database>
	</source>
	<size>
		<width>231</width>
		<height>180</height>
		<depth>3</depth>
	</size>
	<segmented>0</segmented>
	<object>
		<name>bat</name>
		<pose>Unspecified</pose>
		<truncated>1</truncated>
		<difficult>0</difficult>
		<bndbox>
			<xmin>1</xmin>
			<ymin>77</ymin>
			<xmax>222</xmax>
			<ymax>99</ymax>
		</bndbox>
	</object>
</annotation>
