<annotation>
	<folder>base ball bat</folder>
	<filename>image_86.jpg</filename>
	<path>D:\project\custom data\test\base ball bat\image_86.jpg</path>
	<source>
		<database>Unknown</database>
	</source>
	<size>
		<width>321</width>
		<height>162</height>
		<depth>3</depth>
	</size>
	<segmented>0</segmented>
	<object>
		<name>bat</name>
		<pose>Unspecified</pose>
		<truncated>1</truncated>
		<difficult>0</difficult>
		<bndbox>
			<xmin>1</xmin>
			<ymin>69</ymin>
			<xmax>315</xmax>
			<ymax>98</ymax>
		</bndbox>
	</object>
</annotation>
