<annotation>
	<folder>base ball bat</folder>
	<filename>image_13.jpg</filename>
	<path>D:\project\custom data\test\base ball bat\image_13.jpg</path>
	<source>
		<database>Unknown</database>
	</source>
	<size>
		<width>225</width>
		<height>225</height>
		<depth>3</depth>
	</size>
	<segmented>0</segmented>
	<object>
		<name>bat</name>
		<pose>Unspecified</pose>
		<truncated>1</truncated>
		<difficult>0</difficult>
		<bndbox>
			<xmin>6</xmin>
			<ymin>93</ymin>
			<xmax>225</xmax>
			<ymax>128</ymax>
		</bndbox>
	</object>
</annotation>
