<annotation>
	<folder>base ball bat</folder>
	<filename>image_10.jpg</filename>
	<path>D:\project\custom data\test\base ball bat\image_10.jpg</path>
	<source>
		<database>Unknown</database>
	</source>
	<size>
		<width>405</width>
		<height>124</height>
		<depth>3</depth>
	</size>
	<segmented>0</segmented>
	<object>
		<name>bat</name>
		<pose>Unspecified</pose>
		<truncated>0</truncated>
		<difficult>0</difficult>
		<bndbox>
			<xmin>24</xmin>
			<ymin>48</ymin>
			<xmax>383</xmax>
			<ymax>77</ymax>
		</bndbox>
	</object>
</annotation>
