<annotation>
	<folder>base ball bat</folder>
	<filename>image_84.jpg</filename>
	<path>D:\project\custom data\test\base ball bat\image_84.jpg</path>
	<source>
		<database>Unknown</database>
	</source>
	<size>
		<width>338</width>
		<height>174</height>
		<depth>3</depth>
	</size>
	<segmented>0</segmented>
	<object>
		<name>bat</name>
		<pose>Unspecified</pose>
		<truncated>0</truncated>
		<difficult>0</difficult>
		<bndbox>
			<xmin>18</xmin>
			<ymin>73</ymin>
			<xmax>330</xmax>
			<ymax>101</ymax>
		</bndbox>
	</object>
</annotation>
