<annotation>
	<folder>base ball bat</folder>
	<filename>image_16.jpg</filename>
	<path>D:\project\custom data\test\base ball bat\image_16.jpg</path>
	<source>
		<database>Unknown</database>
	</source>
	<size>
		<width>201</width>
		<height>251</height>
		<depth>3</depth>
	</size>
	<segmented>0</segmented>
	<object>
		<name>bat</name>
		<pose>Unspecified</pose>
		<truncated>0</truncated>
		<difficult>0</difficult>
		<bndbox>
			<xmin>92</xmin>
			<ymin>7</ymin>
			<xmax>111</xmax>
			<ymax>244</ymax>
		</bndbox>
	</object>
</annotation>
