<annotation>
	<folder>base ball bat</folder>
	<filename>image_32.jpg</filename>
	<path>D:\project\custom data\test\base ball bat\image_32.jpg</path>
	<source>
		<database>Unknown</database>
	</source>
	<size>
		<width>225</width>
		<height>225</height>
		<depth>3</depth>
	</size>
	<segmented>0</segmented>
	<object>
		<name>bat</name>
		<pose>Unspecified</pose>
		<truncated>0</truncated>
		<difficult>0</difficult>
		<bndbox>
			<xmin>4</xmin>
			<ymin>103</ymin>
			<xmax>222</xmax>
			<ymax>122</ymax>
		</bndbox>
	</object>
</annotation>
