<annotation>
	<folder>base ball bat</folder>
	<filename>image_92.jpg</filename>
	<path>D:\project\custom data\test\base ball bat\image_92.jpg</path>
	<source>
		<database>Unknown</database>
	</source>
	<size>
		<width>209</width>
		<height>209</height>
		<depth>3</depth>
	</size>
	<segmented>0</segmented>
	<object>
		<name>bat</name>
		<pose>Unspecified</pose>
		<truncated>1</truncated>
		<difficult>0</difficult>
		<bndbox>
			<xmin>96</xmin>
			<ymin>1</ymin>
			<xmax>113</xmax>
			<ymax>209</ymax>
		</bndbox>
	</object>
</annotation>
