<annotation>
	<folder>base ball bat</folder>
	<filename>image_57.jpg</filename>
	<path>D:\project\custom data\test\base ball bat\image_57.jpg</path>
	<source>
		<database>Unknown</database>
	</source>
	<size>
		<width>217</width>
		<height>232</height>
		<depth>3</depth>
	</size>
	<segmented>0</segmented>
	<object>
		<name>bat</name>
		<pose>Unspecified</pose>
		<truncated>0</truncated>
		<difficult>0</difficult>
		<bndbox>
			<xmin>14</xmin>
			<ymin>107</ymin>
			<xmax>196</xmax>
			<ymax>125</ymax>
		</bndbox>
	</object>
</annotation>
