<annotation>
	<folder>base ball bat</folder>
	<filename>image_33.jpg</filename>
	<path>D:\project\custom data\test\base ball bat\image_33.jpg</path>
	<source>
		<database>Unknown</database>
	</source>
	<size>
		<width>600</width>
		<height>63</height>
		<depth>3</depth>
	</size>
	<segmented>0</segmented>
	<object>
		<name>bat</name>
		<pose>Unspecified</pose>
		<truncated>0</truncated>
		<difficult>0</difficult>
		<bndbox>
			<xmin>3</xmin>
			<ymin>11</ymin>
			<xmax>598</xmax>
			<ymax>54</ymax>
		</bndbox>
	</object>
</annotation>
