<annotation>
	<folder>base ball bat</folder>
	<filename>image_26.jpg</filename>
	<path>D:\project\custom data\test\base ball bat\image_26.jpg</path>
	<source>
		<database>Unknown</database>
	</source>
	<size>
		<width>270</width>
		<height>187</height>
		<depth>3</depth>
	</size>
	<segmented>0</segmented>
	<object>
		<name>bat</name>
		<pose>Unspecified</pose>
		<truncated>0</truncated>
		<difficult>0</difficult>
		<bndbox>
			<xmin>15</xmin>
			<ymin>88</ymin>
			<xmax>253</xmax>
			<ymax>108</ymax>
		</bndbox>
	</object>
</annotation>
