<annotation>
	<folder>base ball bat</folder>
	<filename>image_53.jpg</filename>
	<path>D:\project\custom data\test\base ball bat\image_53.jpg</path>
	<source>
		<database>Unknown</database>
	</source>
	<size>
		<width>174</width>
		<height>239</height>
		<depth>3</depth>
	</size>
	<segmented>0</segmented>
	<object>
		<name>bat</name>
		<pose>Unspecified</pose>
		<truncated>0</truncated>
		<difficult>0</difficult>
		<bndbox>
			<xmin>69</xmin>
			<ymin>6</ymin>
			<xmax>90</xmax>
			<ymax>233</ymax>
		</bndbox>
	</object>
</annotation>
