<annotation>
	<folder>base ball bat</folder>
	<filename>image_15.jpg</filename>
	<path>D:\project\custom data\test\base ball bat\image_15.jpg</path>
	<source>
		<database>Unknown</database>
	</source>
	<size>
		<width>225</width>
		<height>225</height>
		<depth>3</depth>
	</size>
	<segmented>0</segmented>
	<object>
		<name>bat</name>
		<pose>Unspecified</pose>
		<truncated>0</truncated>
		<difficult>0</difficult>
		<bndbox>
			<xmin>13</xmin>
			<ymin>43</ymin>
			<xmax>211</xmax>
			<ymax>60</ymax>
		</bndbox>
	</object>
	<object>
		<name>bat</name>
		<pose>Unspecified</pose>
		<truncated>0</truncated>
		<difficult>0</difficult>
		<bndbox>
			<xmin>14</xmin>
			<ymin>84</ymin>
			<xmax>211</xmax>
			<ymax>100</ymax>
		</bndbox>
	</object>
	<object>
		<name>bat</name>
		<pose>Unspecified</pose>
		<truncated>0</truncated>
		<difficult>0</difficult>
		<bndbox>
			<xmin>14</xmin>
			<ymin>124</ymin>
			<xmax>211</xmax>
			<ymax>142</ymax>
		</bndbox>
	</object>
	<object>
		<name>bat</name>
		<pose>Unspecified</pose>
		<truncated>0</truncated>
		<difficult>0</difficult>
		<bndbox>
			<xmin>14</xmin>
			<ymin>165</ymin>
			<xmax>211</xmax>
			<ymax>181</ymax>
		</bndbox>
	</object>
</annotation>
