<annotation>
	<folder>base ball bat</folder>
	<filename>image_100.jpg</filename>
	<path>D:\project\custom data\test\base ball bat\image_100.jpg</path>
	<source>
		<database>Unknown</database>
	</source>
	<size>
		<width>188</width>
		<height>268</height>
		<depth>3</depth>
	</size>
	<segmented>0</segmented>
	<object>
		<name>bat</name>
		<pose>Unspecified</pose>
		<truncated>0</truncated>
		<difficult>0</difficult>
		<bndbox>
			<xmin>84</xmin>
			<ymin>5</ymin>
			<xmax>106</xmax>
			<ymax>252</ymax>
		</bndbox>
	</object>
</annotation>
