<annotation>
	<folder>base ball bat</folder>
	<filename>image_66.jpg</filename>
	<path>D:\project\custom data\test\base ball bat\image_66.jpg</path>
	<source>
		<database>Unknown</database>
	</source>
	<size>
		<width>350</width>
		<height>144</height>
		<depth>3</depth>
	</size>
	<segmented>0</segmented>
	<object>
		<name>bat</name>
		<pose>Unspecified</pose>
		<truncated>0</truncated>
		<difficult>0</difficult>
		<bndbox>
			<xmin>20</xmin>
			<ymin>65</ymin>
			<xmax>336</xmax>
			<ymax>91</ymax>
		</bndbox>
	</object>
</annotation>
