<annotation>
	<folder>base ball bat</folder>
	<filename>image_93.jpg</filename>
	<path>D:\project\custom data\test\base ball bat\image_93.jpg</path>
	<source>
		<database>Unknown</database>
	</source>
	<size>
		<width>236</width>
		<height>87</height>
		<depth>3</depth>
	</size>
	<segmented>0</segmented>
	<object>
		<name>bat</name>
		<pose>Unspecified</pose>
		<truncated>1</truncated>
		<difficult>0</difficult>
		<bndbox>
			<xmin>15</xmin>
			<ymin>28</ymin>
			<xmax>236</xmax>
			<ymax>49</ymax>
		</bndbox>
	</object>
</annotation>
