<annotation>
	<folder>base ball bat</folder>
	<filename>image_11.jpg</filename>
	<path>D:\project\custom data\test\base ball bat\image_11.jpg</path>
	<source>
		<database>Unknown</database>
	</source>
	<size>
		<width>353</width>
		<height>143</height>
		<depth>3</depth>
	</size>
	<segmented>0</segmented>
	<object>
		<name>bat</name>
		<pose>Unspecified</pose>
		<truncated>0</truncated>
		<difficult>0</difficult>
		<bndbox>
			<xmin>13</xmin>
			<ymin>53</ymin>
			<xmax>341</xmax>
			<ymax>82</ymax>
		</bndbox>
	</object>
</annotation>
