<annotation>
	<folder>base ball bat</folder>
	<filename>image_39.jpg</filename>
	<path>D:\project\custom data\test\base ball bat\image_39.jpg</path>
	<source>
		<database>Unknown</database>
	</source>
	<size>
		<width>360</width>
		<height>129</height>
		<depth>3</depth>
	</size>
	<segmented>0</segmented>
	<object>
		<name>bat</name>
		<pose>Unspecified</pose>
		<truncated>0</truncated>
		<difficult>0</difficult>
		<bndbox>
			<xmin>2</xmin>
			<ymin>47</ymin>
			<xmax>358</xmax>
			<ymax>84</ymax>
		</bndbox>
	</object>
</annotation>
