<annotation>
	<folder>base ball bat</folder>
	<filename>image_82.jpg</filename>
	<path>D:\project\custom data\test\base ball bat\image_82.jpg</path>
	<source>
		<database>Unknown</database>
	</source>
	<size>
		<width>224</width>
		<height>180</height>
		<depth>3</depth>
	</size>
	<segmented>0</segmented>
	<object>
		<name>bat</name>
		<pose>Unspecified</pose>
		<truncated>1</truncated>
		<difficult>0</difficult>
		<bndbox>
			<xmin>4</xmin>
			<ymin>78</ymin>
			<xmax>224</xmax>
			<ymax>99</ymax>
		</bndbox>
	</object>
</annotation>
