<annotation>
	<folder>base ball bat</folder>
	<filename>image_47.jpg</filename>
	<path>D:\project\custom data\test\base ball bat\image_47.jpg</path>
	<source>
		<database>Unknown</database>
	</source>
	<size>
		<width>375</width>
		<height>134</height>
		<depth>3</depth>
	</size>
	<segmented>0</segmented>
	<object>
		<name>bat</name>
		<pose>Unspecified</pose>
		<truncated>0</truncated>
		<difficult>0</difficult>
		<bndbox>
			<xmin>26</xmin>
			<ymin>26</ymin>
			<xmax>355</xmax>
			<ymax>57</ymax>
		</bndbox>
	</object>
</annotation>
