<annotation>
	<folder>base ball bat</folder>
	<filename>image_41.jpg</filename>
	<path>D:\project\custom data\test\base ball bat\image_41.jpg</path>
	<source>
		<database>Unknown</database>
	</source>
	<size>
		<width>468</width>
		<height>108</height>
		<depth>3</depth>
	</size>
	<segmented>0</segmented>
	<object>
		<name>bat</name>
		<pose>Unspecified</pose>
		<truncated>0</truncated>
		<difficult>0</difficult>
		<bndbox>
			<xmin>10</xmin>
			<ymin>34</ymin>
			<xmax>450</xmax>
			<ymax>73</ymax>
		</bndbox>
	</object>
</annotation>
