<annotation>
	<folder>base ball bat</folder>
	<filename>image_17.jpg</filename>
	<path>D:\project\custom data\test\base ball bat\image_17.jpg</path>
	<source>
		<database>Unknown</database>
	</source>
	<size>
		<width>431</width>
		<height>117</height>
		<depth>3</depth>
	</size>
	<segmented>0</segmented>
	<object>
		<name>bat</name>
		<pose>Unspecified</pose>
		<truncated>0</truncated>
		<difficult>0</difficult>
		<bndbox>
			<xmin>21</xmin>
			<ymin>41</ymin>
			<xmax>411</xmax>
			<ymax>77</ymax>
		</bndbox>
	</object>
</annotation>
