<annotation>
	<folder>base ball bat</folder>
	<filename>image_94.jpg</filename>
	<path>D:\project\custom data\test\base ball bat\image_94.jpg</path>
	<source>
		<database>Unknown</database>
	</source>
	<size>
		<width>286</width>
		<height>113</height>
		<depth>3</depth>
	</size>
	<segmented>0</segmented>
	<object>
		<name>bat</name>
		<pose>Unspecified</pose>
		<truncated>1</truncated>
		<difficult>0</difficult>
		<bndbox>
			<xmin>1</xmin>
			<ymin>45</ymin>
			<xmax>286</xmax>
			<ymax>69</ymax>
		</bndbox>
	</object>
</annotation>
