<annotation>
	<folder>base ball bat</folder>
	<filename>image_12.jpg</filename>
	<path>D:\project\custom data\test\base ball bat\image_12.jpg</path>
	<source>
		<database>Unknown</database>
	</source>
	<size>
		<width>390</width>
		<height>129</height>
		<depth>3</depth>
	</size>
	<segmented>0</segmented>
	<object>
		<name>bat</name>
		<pose>Unspecified</pose>
		<truncated>0</truncated>
		<difficult>0</difficult>
		<bndbox>
			<xmin>6</xmin>
			<ymin>44</ymin>
			<xmax>385</xmax>
			<ymax>73</ymax>
		</bndbox>
	</object>
</annotation>
