<annotation>
	<folder>base ball bat</folder>
	<filename>image_1.jpg</filename>
	<path>D:\project\custom data\test\base ball bat\image_1.jpg</path>
	<source>
		<database>Unknown</database>
	</source>
	<size>
		<width>347</width>
		<height>145</height>
		<depth>3</depth>
	</size>
	<segmented>0</segmented>
	<object>
		<name>bat</name>
		<pose>Unspecified</pose>
		<truncated>0</truncated>
		<difficult>0</difficult>
		<bndbox>
			<xmin>16</xmin>
			<ymin>56</ymin>
			<xmax>338</xmax>
			<ymax>85</ymax>
		</bndbox>
	</object>
</annotation>
