<annotation>
	<folder>base ball bat</folder>
	<filename>image_5.jpg</filename>
	<path>D:\project\custom data\test\base ball bat\image_5.jpg</path>
	<source>
		<database>Unknown</database>
	</source>
	<size>
		<width>275</width>
		<height>183</height>
		<depth>3</depth>
	</size>
	<segmented>0</segmented>
	<object>
		<name>bat</name>
		<pose>Unspecified</pose>
		<truncated>0</truncated>
		<difficult>0</difficult>
		<bndbox>
			<xmin>5</xmin>
			<ymin>80</ymin>
			<xmax>269</xmax>
			<ymax>103</ymax>
		</bndbox>
	</object>
</annotation>
