<annotation>
	<folder>base ball bat</folder>
	<filename>image_95.jpg</filename>
	<path>D:\project\custom data\test\base ball bat\image_95.jpg</path>
	<source>
		<database>Unknown</database>
	</source>
	<size>
		<width>157</width>
		<height>180</height>
		<depth>1</depth>
	</size>
	<segmented>0</segmented>
	<object>
		<name>bat</name>
		<pose>Unspecified</pose>
		<truncated>0</truncated>
		<difficult>0</difficult>
		<bndbox>
			<xmin>69</xmin>
			<ymin>3</ymin>
			<xmax>87</xmax>
			<ymax>160</ymax>
		</bndbox>
	</object>
</annotation>
