<annotation>
	<folder>base ball bat</folder>
	<filename>image_83.jpg</filename>
	<path>D:\project\custom data\test\base ball bat\image_83.jpg</path>
	<source>
		<database>Unknown</database>
	</source>
	<size>
		<width>342</width>
		<height>87</height>
		<depth>3</depth>
	</size>
	<segmented>0</segmented>
	<object>
		<name>bat</name>
		<pose>Unspecified</pose>
		<truncated>0</truncated>
		<difficult>0</difficult>
		<bndbox>
			<xmin>2</xmin>
			<ymin>27</ymin>
			<xmax>336</xmax>
			<ymax>60</ymax>
		</bndbox>
	</object>
</annotation>
