<annotation>
	<folder>base ball bat</folder>
	<filename>image_50.jpg</filename>
	<path>D:\project\custom data\test\base ball bat\image_50.jpg</path>
	<source>
		<database>Unknown</database>
	</source>
	<size>
		<width>366</width>
		<height>138</height>
		<depth>3</depth>
	</size>
	<segmented>0</segmented>
	<object>
		<name>bat</name>
		<pose>Unspecified</pose>
		<truncated>0</truncated>
		<difficult>0</difficult>
		<bndbox>
			<xmin>14</xmin>
			<ymin>54</ymin>
			<xmax>354</xmax>
			<ymax>85</ymax>
		</bndbox>
	</object>
</annotation>
