<annotation>
	<folder>base ball bat</folder>
	<filename>image_46.jpg</filename>
	<path>D:\project\custom data\test\base ball bat\image_46.jpg</path>
	<source>
		<database>Unknown</database>
	</source>
	<size>
		<width>259</width>
		<height>194</height>
		<depth>3</depth>
	</size>
	<segmented>0</segmented>
	<object>
		<name>bat</name>
		<pose>Unspecified</pose>
		<truncated>0</truncated>
		<difficult>0</difficult>
		<bndbox>
			<xmin>32</xmin>
			<ymin>75</ymin>
			<xmax>229</xmax>
			<ymax>95</ymax>
		</bndbox>
	</object>
</annotation>
