<annotation>
	<folder>base ball bat</folder>
	<filename>image_56.jpg</filename>
	<path>D:\project\custom data\test\base ball bat\image_56.jpg</path>
	<source>
		<database>Unknown</database>
	</source>
	<size>
		<width>135</width>
		<height>240</height>
		<depth>3</depth>
	</size>
	<segmented>0</segmented>
	<object>
		<name>bat</name>
		<pose>Unspecified</pose>
		<truncated>0</truncated>
		<difficult>0</difficult>
		<bndbox>
			<xmin>47</xmin>
			<ymin>7</ymin>
			<xmax>74</xmax>
			<ymax>230</ymax>
		</bndbox>
	</object>
</annotation>
