<annotation>
	<folder>base ball bat</folder>
	<filename>image_79.jpg</filename>
	<path>D:\project\custom data\test\base ball bat\image_79.jpg</path>
	<source>
		<database>Unknown</database>
	</source>
	<size>
		<width>276</width>
		<height>151</height>
		<depth>3</depth>
	</size>
	<segmented>0</segmented>
	<object>
		<name>bat</name>
		<pose>Unspecified</pose>
		<truncated>1</truncated>
		<difficult>0</difficult>
		<bndbox>
			<xmin>1</xmin>
			<ymin>66</ymin>
			<xmax>276</xmax>
			<ymax>94</ymax>
		</bndbox>
	</object>
</annotation>
