<annotation>
	<folder>base ball bat</folder>
	<filename>image_18.jpg</filename>
	<path>D:\project\custom data\test\base ball bat\image_18.jpg</path>
	<source>
		<database>Unknown</database>
	</source>
	<size>
		<width>384</width>
		<height>131</height>
		<depth>3</depth>
	</size>
	<segmented>0</segmented>
	<object>
		<name>bat</name>
		<pose>Unspecified</pose>
		<truncated>0</truncated>
		<difficult>0</difficult>
		<bndbox>
			<xmin>3</xmin>
			<ymin>19</ymin>
			<xmax>379</xmax>
			<ymax>47</ymax>
		</bndbox>
	</object>
	<object>
		<name>bat</name>
		<pose>Unspecified</pose>
		<truncated>0</truncated>
		<difficult>0</difficult>
		<bndbox>
			<xmin>8</xmin>
			<ymin>79</ymin>
			<xmax>380</xmax>
			<ymax>105</ymax>
		</bndbox>
	</object>
</annotation>
