<annotation>
	<folder>base ball bat</folder>
	<filename>image_40.jpg</filename>
	<path>D:\project\custom data\test\base ball bat\image_40.jpg</path>
	<source>
		<database>Unknown</database>
	</source>
	<size>
		<width>270</width>
		<height>187</height>
		<depth>3</depth>
	</size>
	<segmented>0</segmented>
	<object>
		<name>bat</name>
		<pose>Unspecified</pose>
		<truncated>0</truncated>
		<difficult>0</difficult>
		<bndbox>
			<xmin>23</xmin>
			<ymin>90</ymin>
			<xmax>244</xmax>
			<ymax>109</ymax>
		</bndbox>
	</object>
</annotation>
