<annotation>
	<folder>base ball bat</folder>
	<filename>image_73.jpg</filename>
	<path>D:\project\custom data\test\base ball bat\image_73.jpg</path>
	<source>
		<database>Unknown</database>
	</source>
	<size>
		<width>169</width>
		<height>298</height>
		<depth>3</depth>
	</size>
	<segmented>0</segmented>
	<object>
		<name>bat</name>
		<pose>Unspecified</pose>
		<truncated>0</truncated>
		<difficult>0</difficult>
		<bndbox>
			<xmin>69</xmin>
			<ymin>15</ymin>
			<xmax>93</xmax>
			<ymax>274</ymax>
		</bndbox>
	</object>
</annotation>
