<annotation>
	<folder>base ball bat</folder>
	<filename>image_87.jpg</filename>
	<path>D:\project\custom data\test\base ball bat\image_87.jpg</path>
	<source>
		<database>Unknown</database>
	</source>
	<size>
		<width>350</width>
		<height>156</height>
		<depth>3</depth>
	</size>
	<segmented>0</segmented>
	<object>
		<name>bat</name>
		<pose>Unspecified</pose>
		<truncated>0</truncated>
		<difficult>0</difficult>
		<bndbox>
			<xmin>14</xmin>
			<ymin>51</ymin>
			<xmax>339</xmax>
			<ymax>83</ymax>
		</bndbox>
	</object>
</annotation>
