<annotation>
	<folder>base ball bat</folder>
	<filename>image_89.jpg</filename>
	<path>D:\project\custom data\test\base ball bat\image_89.jpg</path>
	<source>
		<database>Unknown</database>
	</source>
	<size>
		<width>263</width>
		<height>113</height>
		<depth>3</depth>
	</size>
	<segmented>0</segmented>
	<object>
		<name>bat</name>
		<pose>Unspecified</pose>
		<truncated>1</truncated>
		<difficult>0</difficult>
		<bndbox>
			<xmin>10</xmin>
			<ymin>44</ymin>
			<xmax>263</xmax>
			<ymax>70</ymax>
		</bndbox>
	</object>
</annotation>
