<annotation>
	<folder>gun</folder>
	<filename>image_470.jpg</filename>
	<path>D:\project\custom data\test\gun\image_470.jpg</path>
	<source>
		<database>Unknown</database>
	</source>
	<size>
		<width>275</width>
		<height>183</height>
		<depth>3</depth>
	</size>
	<segmented>0</segmented>
	<object>
		<name>gun</name>
		<pose>Unspecified</pose>
		<truncated>0</truncated>
		<difficult>0</difficult>
		<bndbox>
			<xmin>64</xmin>
			<ymin>54</ymin>
			<xmax>118</xmax>
			<ymax>163</ymax>
		</bndbox>
	</object>
</annotation>
