<annotation>
	<folder>gun</folder>
	<filename>image_468.jpg</filename>
	<path>D:\project\custom data\test\gun\image_468.jpg</path>
	<source>
		<database>Unknown</database>
	</source>
	<size>
		<width>325</width>
		<height>155</height>
		<depth>3</depth>
	</size>
	<segmented>0</segmented>
	<object>
		<name>gun</name>
		<pose>Unspecified</pose>
		<truncated>1</truncated>
		<difficult>0</difficult>
		<bndbox>
			<xmin>53</xmin>
			<ymin>14</ymin>
			<xmax>242</xmax>
			<ymax>155</ymax>
		</bndbox>
	</object>
</annotation>
