<annotation>
	<folder>gun</folder>
	<filename>image_421.jpg</filename>
	<path>D:\project\custom data\test\gun\image_421.jpg</path>
	<source>
		<database>Unknown</database>
	</source>
	<size>
		<width>297</width>
		<height>170</height>
		<depth>3</depth>
	</size>
	<segmented>0</segmented>
	<object>
		<name>gun</name>
		<pose>Unspecified</pose>
		<truncated>1</truncated>
		<difficult>0</difficult>
		<bndbox>
			<xmin>38</xmin>
			<ymin>1</ymin>
			<xmax>274</xmax>
			<ymax>170</ymax>
		</bndbox>
	</object>
</annotation>
