<annotation>
	<folder>gun</folder>
	<filename>image_445.jpg</filename>
	<path>D:\project\custom data\test\gun\image_445.jpg</path>
	<source>
		<database>Unknown</database>
	</source>
	<size>
		<width>355</width>
		<height>142</height>
		<depth>3</depth>
	</size>
	<segmented>0</segmented>
	<object>
		<name>gun</name>
		<pose>Unspecified</pose>
		<truncated>0</truncated>
		<difficult>0</difficult>
		<bndbox>
			<xmin>14</xmin>
			<ymin>11</ymin>
			<xmax>344</xmax>
			<ymax>132</ymax>
		</bndbox>
	</object>
</annotation>
