<annotation>
	<folder>gun</folder>
	<filename>image_1307.jpg</filename>
	<path>D:\project\custom data\test\gun\image_1307.jpg</path>
	<source>
		<database>Unknown</database>
	</source>
	<size>
		<width>222</width>
		<height>227</height>
		<depth>3</depth>
	</size>
	<segmented>0</segmented>
	<object>
		<name>gun</name>
		<pose>Unspecified</pose>
		<truncated>1</truncated>
		<difficult>0</difficult>
		<bndbox>
			<xmin>9</xmin>
			<ymin>13</ymin>
			<xmax>210</xmax>
			<ymax>227</ymax>
		</bndbox>
	</object>
</annotation>
