<annotation>
	<folder>gun</folder>
	<filename>image_466.jpg</filename>
	<path>D:\project\custom data\test\gun\image_466.jpg</path>
	<source>
		<database>Unknown</database>
	</source>
	<size>
		<width>274</width>
		<height>184</height>
		<depth>3</depth>
	</size>
	<segmented>0</segmented>
	<object>
		<name>gun</name>
		<pose>Unspecified</pose>
		<truncated>0</truncated>
		<difficult>0</difficult>
		<bndbox>
			<xmin>24</xmin>
			<ymin>79</ymin>
			<xmax>83</xmax>
			<ymax>178</ymax>
		</bndbox>
	</object>
	<object>
		<name>gun</name>
		<pose>Unspecified</pose>
		<truncated>0</truncated>
		<difficult>0</difficult>
		<bndbox>
			<xmin>186</xmin>
			<ymin>72</ymin>
			<xmax>241</xmax>
			<ymax>178</ymax>
		</bndbox>
	</object>
</annotation>
