<annotation>
	<folder>gun</folder>
	<filename>image_1299.jpg</filename>
	<path>D:\project\custom data\test\gun\image_1299.jpg</path>
	<source>
		<database>Unknown</database>
	</source>
	<size>
		<width>241</width>
		<height>209</height>
		<depth>3</depth>
	</size>
	<segmented>0</segmented>
	<object>
		<name>gun</name>
		<pose>Unspecified</pose>
		<truncated>0</truncated>
		<difficult>0</difficult>
		<bndbox>
			<xmin>26</xmin>
			<ymin>55</ymin>
			<xmax>91</xmax>
			<ymax>134</ymax>
		</bndbox>
	</object>
</annotation>
