<annotation>
	<folder>gun</folder>
	<filename>image_462.jpg</filename>
	<path>D:\project\custom data\test\gun\image_462.jpg</path>
	<source>
		<database>Unknown</database>
	</source>
	<size>
		<width>208</width>
		<height>243</height>
		<depth>3</depth>
	</size>
	<segmented>0</segmented>
	<object>
		<name>gun</name>
		<pose>Unspecified</pose>
		<truncated>0</truncated>
		<difficult>0</difficult>
		<bndbox>
			<xmin>54</xmin>
			<ymin>21</ymin>
			<xmax>141</xmax>
			<ymax>194</ymax>
		</bndbox>
	</object>
</annotation>
