<annotation>
	<folder>gun</folder>
	<filename>image_1328.jpg</filename>
	<path>D:\project\custom data\test\gun\image_1328.jpg</path>
	<source>
		<database>Unknown</database>
	</source>
	<size>
		<width>210</width>
		<height>240</height>
		<depth>3</depth>
	</size>
	<segmented>0</segmented>
	<object>
		<name>gun</name>
		<pose>Unspecified</pose>
		<truncated>0</truncated>
		<difficult>0</difficult>
		<bndbox>
			<xmin>17</xmin>
			<ymin>5</ymin>
			<xmax>203</xmax>
			<ymax>218</ymax>
		</bndbox>
	</object>
</annotation>
