<annotation>
	<folder>gun</folder>
	<filename>image_453.jpg</filename>
	<path>D:\project\custom data\test\gun\image_453.jpg</path>
	<source>
		<database>Unknown</database>
	</source>
	<size>
		<width>278</width>
		<height>181</height>
		<depth>3</depth>
	</size>
	<segmented>0</segmented>
	<object>
		<name>gun</name>
		<pose>Unspecified</pose>
		<truncated>0</truncated>
		<difficult>0</difficult>
		<bndbox>
			<xmin>17</xmin>
			<ymin>37</ymin>
			<xmax>188</xmax>
			<ymax>133</ymax>
		</bndbox>
	</object>
</annotation>
