<annotation>
	<folder>gun</folder>
	<filename>image_1324.jpg</filename>
	<path>D:\project\custom data\test\gun\image_1324.jpg</path>
	<source>
		<database>Unknown</database>
	</source>
	<size>
		<width>260</width>
		<height>194</height>
		<depth>3</depth>
	</size>
	<segmented>0</segmented>
	<object>
		<name>gun</name>
		<pose>Unspecified</pose>
		<truncated>0</truncated>
		<difficult>0</difficult>
		<bndbox>
			<xmin>81</xmin>
			<ymin>28</ymin>
			<xmax>187</xmax>
			<ymax>126</ymax>
		</bndbox>
	</object>
</annotation>
