<annotation>
	<folder>gun</folder>
	<filename>image_1733.jpg</filename>
	<path>D:\project\custom data\test\gun\image_1733.jpg</path>
	<source>
		<database>Unknown</database>
	</source>
	<size>
		<width>86</width>
		<height>400</height>
		<depth>3</depth>
	</size>
	<segmented>0</segmented>
	<object>
		<name>gun</name>
		<pose>Unspecified</pose>
		<truncated>0</truncated>
		<difficult>0</difficult>
		<bndbox>
			<xmin>8</xmin>
			<ymin>7</ymin>
			<xmax>72</xmax>
			<ymax>387</ymax>
		</bndbox>
	</object>
</annotation>
