<annotation>
	<folder>gun</folder>
	<filename>image_413.jpg</filename>
	<path>D:\project\custom data\test\gun\image_413.jpg</path>
	<source>
		<database>Unknown</database>
	</source>
	<size>
		<width>389</width>
		<height>130</height>
		<depth>3</depth>
	</size>
	<segmented>0</segmented>
	<object>
		<name>gun</name>
		<pose>Unspecified</pose>
		<truncated>0</truncated>
		<difficult>0</difficult>
		<bndbox>
			<xmin>15</xmin>
			<ymin>9</ymin>
			<xmax>372</xmax>
			<ymax>121</ymax>
		</bndbox>
	</object>
</annotation>
