<annotation>
	<folder>gun</folder>
	<filename>image_1741.jpg</filename>
	<path>D:\project\custom data\test\gun\image_1741.jpg</path>
	<source>
		<database>Unknown</database>
	</source>
	<size>
		<width>1476</width>
		<height>649</height>
		<depth>3</depth>
	</size>
	<segmented>0</segmented>
	<object>
		<name>gun</name>
		<pose>Unspecified</pose>
		<truncated>0</truncated>
		<difficult>0</difficult>
		<bndbox>
			<xmin>36</xmin>
			<ymin>54</ymin>
			<xmax>1448</xmax>
			<ymax>642</ymax>
		</bndbox>
	</object>
</annotation>
