<annotation>
	<folder>gun</folder>
	<filename>image_423.jpg</filename>
	<path>D:\project\custom data\test\gun\image_423.jpg</path>
	<source>
		<database>Unknown</database>
	</source>
	<size>
		<width>1024</width>
		<height>688</height>
		<depth>3</depth>
	</size>
	<segmented>0</segmented>
	<object>
		<name>gun</name>
		<pose>Unspecified</pose>
		<truncated>0</truncated>
		<difficult>0</difficult>
		<bndbox>
			<xmin>187</xmin>
			<ymin>87</ymin>
			<xmax>943</xmax>
			<ymax>608</ymax>
		</bndbox>
	</object>
</annotation>
