<annotation>
	<folder>gun</folder>
	<filename>image_1331.jpg</filename>
	<path>D:\project\custom data\test\gun\image_1331.jpg</path>
	<source>
		<database>Unknown</database>
	</source>
	<size>
		<width>801</width>
		<height>801</height>
		<depth>3</depth>
	</size>
	<segmented>0</segmented>
	<object>
		<name>gun</name>
		<pose>Unspecified</pose>
		<truncated>1</truncated>
		<difficult>0</difficult>
		<bndbox>
			<xmin>1</xmin>
			<ymin>228</ymin>
			<xmax>800</xmax>
			<ymax>621</ymax>
		</bndbox>
	</object>
</annotation>
