<annotation>
	<folder>gun</folder>
	<filename>image_463.jpg</filename>
	<path>D:\project\custom data\test\gun\image_463.jpg</path>
	<source>
		<database>Unknown</database>
	</source>
	<size>
		<width>304</width>
		<height>166</height>
		<depth>3</depth>
	</size>
	<segmented>0</segmented>
	<object>
		<name>gun</name>
		<pose>Unspecified</pose>
		<truncated>0</truncated>
		<difficult>0</difficult>
		<bndbox>
			<xmin>85</xmin>
			<ymin>25</ymin>
			<xmax>265</xmax>
			<ymax>137</ymax>
		</bndbox>
	</object>
</annotation>
