<annotation>
	<folder>gun</folder>
	<filename>image_460.jpg</filename>
	<path>D:\project\custom data\test\gun\image_460.jpg</path>
	<source>
		<database>Unknown</database>
	</source>
	<size>
		<width>194</width>
		<height>259</height>
		<depth>3</depth>
	</size>
	<segmented>0</segmented>
	<object>
		<name>gun</name>
		<pose>Unspecified</pose>
		<truncated>1</truncated>
		<difficult>0</difficult>
		<bndbox>
			<xmin>1</xmin>
			<ymin>92</ymin>
			<xmax>194</xmax>
			<ymax>166</ymax>
		</bndbox>
	</object>
</annotation>
