<annotation>
	<folder>gun</folder>
	<filename>image_1674.jpg</filename>
	<path>D:\project\custom data\test\gun\image_1674.jpg</path>
	<source>
		<database>Unknown</database>
	</source>
	<size>
		<width>226</width>
		<height>223</height>
		<depth>3</depth>
	</size>
	<segmented>0</segmented>
	<object>
		<name>gun</name>
		<pose>Unspecified</pose>
		<truncated>0</truncated>
		<difficult>0</difficult>
		<bndbox>
			<xmin>11</xmin>
			<ymin>44</ymin>
			<xmax>210</xmax>
			<ymax>103</ymax>
		</bndbox>
	</object>
	<object>
		<name>gun</name>
		<pose>Unspecified</pose>
		<truncated>0</truncated>
		<difficult>0</difficult>
		<bndbox>
			<xmin>14</xmin>
			<ymin>130</ymin>
			<xmax>211</xmax>
			<ymax>190</ymax>
		</bndbox>
	</object>
</annotation>
