<annotation>
	<folder>gun</folder>
	<filename>image_486.jpg</filename>
	<path>D:\project\custom data\test\gun\image_486.jpg</path>
	<source>
		<database>Unknown</database>
	</source>
	<size>
		<width>225</width>
		<height>224</height>
		<depth>1</depth>
	</size>
	<segmented>0</segmented>
	<object>
		<name>gun</name>
		<pose>Unspecified</pose>
		<truncated>0</truncated>
		<difficult>0</difficult>
		<bndbox>
			<xmin>81</xmin>
			<ymin>5</ymin>
			<xmax>146</xmax>
			<ymax>214</ymax>
		</bndbox>
	</object>
</annotation>
