<annotation>
	<folder>gun</folder>
	<filename>image_433.jpg</filename>
	<path>D:\project\custom data\test\gun\image_433.jpg</path>
	<source>
		<database>Unknown</database>
	</source>
	<size>
		<width>265</width>
		<height>190</height>
		<depth>3</depth>
	</size>
	<segmented>0</segmented>
	<object>
		<name>gun</name>
		<pose>Unspecified</pose>
		<truncated>0</truncated>
		<difficult>0</difficult>
		<bndbox>
			<xmin>60</xmin>
			<ymin>25</ymin>
			<xmax>201</xmax>
			<ymax>146</ymax>
		</bndbox>
	</object>
</annotation>
