<annotation>
	<folder>gun</folder>
	<filename>image_446.jpg</filename>
	<path>D:\project\custom data\test\gun\image_446.jpg</path>
	<source>
		<database>Unknown</database>
	</source>
	<size>
		<width>256</width>
		<height>197</height>
		<depth>3</depth>
	</size>
	<segmented>0</segmented>
	<object>
		<name>gun</name>
		<pose>Unspecified</pose>
		<truncated>0</truncated>
		<difficult>0</difficult>
		<bndbox>
			<xmin>4</xmin>
			<ymin>23</ymin>
			<xmax>251</xmax>
			<ymax>178</ymax>
		</bndbox>
	</object>
</annotation>
