<annotation>
	<folder>gun</folder>
	<filename>image_420.jpg</filename>
	<path>D:\project\custom data\test\gun\image_420.jpg</path>
	<source>
		<database>Unknown</database>
	</source>
	<size>
		<width>294</width>
		<height>171</height>
		<depth>3</depth>
	</size>
	<segmented>0</segmented>
	<object>
		<name>gun</name>
		<pose>Unspecified</pose>
		<truncated>0</truncated>
		<difficult>0</difficult>
		<bndbox>
			<xmin>35</xmin>
			<ymin>25</ymin>
			<xmax>267</xmax>
			<ymax>118</ymax>
		</bndbox>
	</object>
</annotation>
