<annotation>
	<folder>gun</folder>
	<filename>image_422.jpg</filename>
	<path>D:\project\custom data\test\gun\image_422.jpg</path>
	<source>
		<database>Unknown</database>
	</source>
	<size>
		<width>612</width>
		<height>413</height>
		<depth>3</depth>
	</size>
	<segmented>0</segmented>
	<object>
		<name>gun</name>
		<pose>Unspecified</pose>
		<truncated>0</truncated>
		<difficult>0</difficult>
		<bndbox>
			<xmin>98</xmin>
			<ymin>53</ymin>
			<xmax>562</xmax>
			<ymax>293</ymax>
		</bndbox>
	</object>
</annotation>
