<annotation>
	<folder>gun</folder>
	<filename>image_1707.jpg</filename>
	<path>D:\project\custom data\test\gun\image_1707.jpg</path>
	<source>
		<database>Unknown</database>
	</source>
	<size>
		<width>275</width>
		<height>183</height>
		<depth>3</depth>
	</size>
	<segmented>0</segmented>
	<object>
		<name>gun</name>
		<pose>Unspecified</pose>
		<truncated>0</truncated>
		<difficult>0</difficult>
		<bndbox>
			<xmin>7</xmin>
			<ymin>13</ymin>
			<xmax>268</xmax>
			<ymax>152</ymax>
		</bndbox>
	</object>
</annotation>
