<annotation>
	<folder>gun</folder>
	<filename>image_1722.jpg</filename>
	<path>D:\project\custom data\test\gun\image_1722.jpg</path>
	<source>
		<database>Unknown</database>
	</source>
	<size>
		<width>469</width>
		<height>107</height>
		<depth>3</depth>
	</size>
	<segmented>0</segmented>
	<object>
		<name>gun</name>
		<pose>Unspecified</pose>
		<truncated>0</truncated>
		<difficult>0</difficult>
		<bndbox>
			<xmin>12</xmin>
			<ymin>3</ymin>
			<xmax>457</xmax>
			<ymax>103</ymax>
		</bndbox>
	</object>
</annotation>
