<annotation>
	<folder>gun</folder>
	<filename>image_441.jpg</filename>
	<path>D:\project\custom data\test\gun\image_441.jpg</path>
	<source>
		<database>Unknown</database>
	</source>
	<size>
		<width>305</width>
		<height>165</height>
		<depth>1</depth>
	</size>
	<segmented>0</segmented>
	<object>
		<name>gun</name>
		<pose>Unspecified</pose>
		<truncated>0</truncated>
		<difficult>0</difficult>
		<bndbox>
			<xmin>7</xmin>
			<ymin>25</ymin>
			<xmax>297</xmax>
			<ymax>157</ymax>
		</bndbox>
	</object>
</annotation>
