<annotation>
	<folder>gun</folder>
	<filename>image_1711.jpg</filename>
	<path>D:\project\custom data\test\gun\image_1711.jpg</path>
	<source>
		<database>Unknown</database>
	</source>
	<size>
		<width>194</width>
		<height>259</height>
		<depth>3</depth>
	</size>
	<segmented>0</segmented>
	<object>
		<name>gun</name>
		<pose>Unspecified</pose>
		<truncated>0</truncated>
		<difficult>0</difficult>
		<bndbox>
			<xmin>54</xmin>
			<ymin>15</ymin>
			<xmax>155</xmax>
			<ymax>252</ymax>
		</bndbox>
	</object>
</annotation>
