<annotation>
	<folder>gun</folder>
	<filename>image_1723.jpg</filename>
	<path>D:\project\custom data\test\gun\image_1723.jpg</path>
	<source>
		<database>Unknown</database>
	</source>
	<size>
		<width>464</width>
		<height>109</height>
		<depth>3</depth>
	</size>
	<segmented>0</segmented>
	<object>
		<name>gun</name>
		<pose>Unspecified</pose>
		<truncated>0</truncated>
		<difficult>0</difficult>
		<bndbox>
			<xmin>11</xmin>
			<ymin>5</ymin>
			<xmax>434</xmax>
			<ymax>101</ymax>
		</bndbox>
	</object>
</annotation>
