<annotation>
	<folder>gun</folder>
	<filename>image_1724.jpg</filename>
	<path>D:\project\custom data\test\gun\image_1724.jpg</path>
	<source>
		<database>Unknown</database>
	</source>
	<size>
		<width>375</width>
		<height>134</height>
		<depth>3</depth>
	</size>
	<segmented>0</segmented>
	<object>
		<name>gun</name>
		<pose>Unspecified</pose>
		<truncated>0</truncated>
		<difficult>0</difficult>
		<bndbox>
			<xmin>9</xmin>
			<ymin>37</ymin>
			<xmax>366</xmax>
			<ymax>108</ymax>
		</bndbox>
	</object>
</annotation>
