<annotation>
	<folder>gun</folder>
	<filename>image_447.jpg</filename>
	<path>D:\project\custom data\test\gun\image_447.jpg</path>
	<source>
		<database>Unknown</database>
	</source>
	<size>
		<width>300</width>
		<height>168</height>
		<depth>3</depth>
	</size>
	<segmented>0</segmented>
	<object>
		<name>gun</name>
		<pose>Unspecified</pose>
		<truncated>0</truncated>
		<difficult>0</difficult>
		<bndbox>
			<xmin>99</xmin>
			<ymin>6</ymin>
			<xmax>201</xmax>
			<ymax>159</ymax>
		</bndbox>
	</object>
</annotation>
