<annotation>
	<folder>gun</folder>
	<filename>image_1326.jpg</filename>
	<path>D:\project\custom data\test\gun\image_1326.jpg</path>
	<source>
		<database>Unknown</database>
	</source>
	<size>
		<width>306</width>
		<height>165</height>
		<depth>3</depth>
	</size>
	<segmented>0</segmented>
	<object>
		<name>gun</name>
		<pose>Unspecified</pose>
		<truncated>0</truncated>
		<difficult>0</difficult>
		<bndbox>
			<xmin>130</xmin>
			<ymin>49</ymin>
			<xmax>167</xmax>
			<ymax>124</ymax>
		</bndbox>
	</object>
</annotation>
