<annotation>
	<folder>gun</folder>
	<filename>image_401.jpg</filename>
	<path>D:\project\custom data\test\gun\image_401.jpg</path>
	<source>
		<database>Unknown</database>
	</source>
	<size>
		<width>280</width>
		<height>180</height>
		<depth>3</depth>
	</size>
	<segmented>0</segmented>
	<object>
		<name>gun</name>
		<pose>Unspecified</pose>
		<truncated>0</truncated>
		<difficult>0</difficult>
		<bndbox>
			<xmin>53</xmin>
			<ymin>12</ymin>
			<xmax>229</xmax>
			<ymax>168</ymax>
		</bndbox>
	</object>
</annotation>
