<annotation>
	<folder>gun</folder>
	<filename>image_444.jpg</filename>
	<path>D:\project\custom data\test\gun\image_444.jpg</path>
	<source>
		<database>Unknown</database>
	</source>
	<size>
		<width>412</width>
		<height>122</height>
		<depth>3</depth>
	</size>
	<segmented>0</segmented>
	<object>
		<name>gun</name>
		<pose>Unspecified</pose>
		<truncated>1</truncated>
		<difficult>0</difficult>
		<bndbox>
			<xmin>5</xmin>
			<ymin>8</ymin>
			<xmax>403</xmax>
			<ymax>122</ymax>
		</bndbox>
	</object>
</annotation>
