<annotation>
	<folder>gun</folder>
	<filename>image_1703.jpg</filename>
	<path>D:\project\custom data\test\gun\image_1703.jpg</path>
	<source>
		<database>Unknown</database>
	</source>
	<size>
		<width>305</width>
		<height>165</height>
		<depth>3</depth>
	</size>
	<segmented>0</segmented>
	<object>
		<name>gun</name>
		<pose>Unspecified</pose>
		<truncated>1</truncated>
		<difficult>0</difficult>
		<bndbox>
			<xmin>9</xmin>
			<ymin>30</ymin>
			<xmax>305</xmax>
			<ymax>159</ymax>
		</bndbox>
	</object>
</annotation>
