<annotation>
	<folder>gun</folder>
	<filename>image_489.jpg</filename>
	<path>D:\project\custom data\test\gun\image_489.jpg</path>
	<source>
		<database>Unknown</database>
	</source>
	<size>
		<width>227</width>
		<height>222</height>
		<depth>1</depth>
	</size>
	<segmented>0</segmented>
	<object>
		<name>gun</name>
		<pose>Unspecified</pose>
		<truncated>0</truncated>
		<difficult>0</difficult>
		<bndbox>
			<xmin>86</xmin>
			<ymin>7</ymin>
			<xmax>148</xmax>
			<ymax>212</ymax>
		</bndbox>
	</object>
</annotation>
