<annotation>
	<folder>gun</folder>
	<filename>image_480.jpg</filename>
	<path>D:\project\custom data\test\gun\image_480.jpg</path>
	<source>
		<database>Unknown</database>
	</source>
	<size>
		<width>258</width>
		<height>195</height>
		<depth>3</depth>
	</size>
	<segmented>0</segmented>
	<object>
		<name>gun</name>
		<pose>Unspecified</pose>
		<truncated>0</truncated>
		<difficult>0</difficult>
		<bndbox>
			<xmin>19</xmin>
			<ymin>43</ymin>
			<xmax>131</xmax>
			<ymax>182</ymax>
		</bndbox>
	</object>
</annotation>
