<annotation>
	<folder>gun</folder>
	<filename>image_456.jpg</filename>
	<path>D:\project\custom data\test\gun\image_456.jpg</path>
	<source>
		<database>Unknown</database>
	</source>
	<size>
		<width>299</width>
		<height>168</height>
		<depth>3</depth>
	</size>
	<segmented>0</segmented>
	<object>
		<name>gun</name>
		<pose>Unspecified</pose>
		<truncated>0</truncated>
		<difficult>0</difficult>
		<bndbox>
			<xmin>42</xmin>
			<ymin>31</ymin>
			<xmax>243</xmax>
			<ymax>121</ymax>
		</bndbox>
	</object>
</annotation>
