<annotation>
	<folder>gun</folder>
	<filename>image_1322.jpg</filename>
	<path>D:\project\custom data\test\gun\image_1322.jpg</path>
	<source>
		<database>Unknown</database>
	</source>
	<size>
		<width>255</width>
		<height>198</height>
		<depth>3</depth>
	</size>
	<segmented>0</segmented>
	<object>
		<name>gun</name>
		<pose>Unspecified</pose>
		<truncated>0</truncated>
		<difficult>0</difficult>
		<bndbox>
			<xmin>46</xmin>
			<ymin>42</ymin>
			<xmax>175</xmax>
			<ymax>173</ymax>
		</bndbox>
	</object>
</annotation>
