<annotation>
	<folder>gun</folder>
	<filename>image_459.jpg</filename>
	<path>D:\project\custom data\test\gun\image_459.jpg</path>
	<source>
		<database>Unknown</database>
	</source>
	<size>
		<width>224</width>
		<height>224</height>
		<depth>3</depth>
	</size>
	<segmented>0</segmented>
	<object>
		<name>gun</name>
		<pose>Unspecified</pose>
		<truncated>0</truncated>
		<difficult>0</difficult>
		<bndbox>
			<xmin>12</xmin>
			<ymin>68</ymin>
			<xmax>212</xmax>
			<ymax>159</ymax>
		</bndbox>
	</object>
</annotation>
