<annotation>
	<folder>gun</folder>
	<filename>image_1687.jpg</filename>
	<path>D:\project\custom data\test\gun\image_1687.jpg</path>
	<source>
		<database>Unknown</database>
	</source>
	<size>
		<width>265</width>
		<height>190</height>
		<depth>3</depth>
	</size>
	<segmented>0</segmented>
	<object>
		<name>gun</name>
		<pose>Unspecified</pose>
		<truncated>0</truncated>
		<difficult>0</difficult>
		<bndbox>
			<xmin>130</xmin>
			<ymin>44</ymin>
			<xmax>226</xmax>
			<ymax>155</ymax>
		</bndbox>
	</object>
</annotation>
