<annotation>
	<folder>gun</folder>
	<filename>image_417.jpg</filename>
	<path>D:\project\custom data\test\gun\image_417.jpg</path>
	<source>
		<database>Unknown</database>
	</source>
	<size>
		<width>290</width>
		<height>174</height>
		<depth>3</depth>
	</size>
	<segmented>0</segmented>
	<object>
		<name>gun</name>
		<pose>Unspecified</pose>
		<truncated>1</truncated>
		<difficult>0</difficult>
		<bndbox>
			<xmin>1</xmin>
			<ymin>2</ymin>
			<xmax>290</xmax>
			<ymax>157</ymax>
		</bndbox>
	</object>
</annotation>
