<annotation>
	<folder>gun</folder>
	<filename>image_1317.jpg</filename>
	<path>D:\project\custom data\test\gun\image_1317.jpg</path>
	<source>
		<database>Unknown</database>
	</source>
	<size>
		<width>284</width>
		<height>177</height>
		<depth>3</depth>
	</size>
	<segmented>0</segmented>
	<object>
		<name>gun</name>
		<pose>Unspecified</pose>
		<truncated>0</truncated>
		<difficult>0</difficult>
		<bndbox>
			<xmin>39</xmin>
			<ymin>11</ymin>
			<xmax>242</xmax>
			<ymax>165</ymax>
		</bndbox>
	</object>
</annotation>
