<annotation>
	<folder>gun</folder>
	<filename>image_1705.jpg</filename>
	<path>D:\project\custom data\test\gun\image_1705.jpg</path>
	<source>
		<database>Unknown</database>
	</source>
	<size>
		<width>255</width>
		<height>197</height>
		<depth>3</depth>
	</size>
	<segmented>0</segmented>
	<object>
		<name>gun</name>
		<pose>Unspecified</pose>
		<truncated>0</truncated>
		<difficult>0</difficult>
		<bndbox>
			<xmin>23</xmin>
			<ymin>70</ymin>
			<xmax>246</xmax>
			<ymax>138</ymax>
		</bndbox>
	</object>
</annotation>
