<annotation>
	<folder>gun</folder>
	<filename>image_1709.jpg</filename>
	<path>D:\project\custom data\test\gun\image_1709.jpg</path>
	<source>
		<database>Unknown</database>
	</source>
	<size>
		<width>183</width>
		<height>276</height>
		<depth>3</depth>
	</size>
	<segmented>0</segmented>
	<object>
		<name>gun</name>
		<pose>Unspecified</pose>
		<truncated>0</truncated>
		<difficult>0</difficult>
		<bndbox>
			<xmin>41</xmin>
			<ymin>48</ymin>
			<xmax>101</xmax>
			<ymax>238</ymax>
		</bndbox>
	</object>
	<object>
		<name>gun</name>
		<pose>Unspecified</pose>
		<truncated>0</truncated>
		<difficult>0</difficult>
		<bndbox>
			<xmin>103</xmin>
			<ymin>24</ymin>
			<xmax>151</xmax>
			<ymax>238</ymax>
		</bndbox>
	</object>
</annotation>
