<annotation>
	<folder>gun</folder>
	<filename>image_494.jpg</filename>
	<path>D:\project\custom data\test\gun\image_494.jpg</path>
	<source>
		<database>Unknown</database>
	</source>
	<size>
		<width>267</width>
		<height>188</height>
		<depth>3</depth>
	</size>
	<segmented>0</segmented>
	<object>
		<name>gun</name>
		<pose>Unspecified</pose>
		<truncated>0</truncated>
		<difficult>0</difficult>
		<bndbox>
			<xmin>44</xmin>
			<ymin>32</ymin>
			<xmax>154</xmax>
			<ymax>140</ymax>
		</bndbox>
	</object>
</annotation>
