<annotation>
	<folder>gun</folder>
	<filename>image_1696.jpg</filename>
	<path>D:\project\custom data\test\gun\image_1696.jpg</path>
	<source>
		<database>Unknown</database>
	</source>
	<size>
		<width>262</width>
		<height>192</height>
		<depth>3</depth>
	</size>
	<segmented>0</segmented>
	<object>
		<name>gun</name>
		<pose>Unspecified</pose>
		<truncated>0</truncated>
		<difficult>0</difficult>
		<bndbox>
			<xmin>13</xmin>
			<ymin>2</ymin>
			<xmax>245</xmax>
			<ymax>170</ymax>
		</bndbox>
	</object>
</annotation>
