<annotation>
	<folder>gun</folder>
	<filename>image_426.jpg</filename>
	<path>D:\project\custom data\test\gun\image_426.jpg</path>
	<source>
		<database>Unknown</database>
	</source>
	<size>
		<width>367</width>
		<height>137</height>
		<depth>3</depth>
	</size>
	<segmented>0</segmented>
	<object>
		<name>gun</name>
		<pose>Unspecified</pose>
		<truncated>0</truncated>
		<difficult>0</difficult>
		<bndbox>
			<xmin>16</xmin>
			<ymin>32</ymin>
			<xmax>350</xmax>
			<ymax>102</ymax>
		</bndbox>
	</object>
</annotation>
