<annotation>
	<folder>gun</folder>
	<filename>image_469.jpg</filename>
	<path>D:\project\custom data\test\gun\image_469.jpg</path>
	<source>
		<database>Unknown</database>
	</source>
	<size>
		<width>201</width>
		<height>251</height>
		<depth>3</depth>
	</size>
	<segmented>0</segmented>
	<object>
		<name>gun</name>
		<pose>Unspecified</pose>
		<truncated>0</truncated>
		<difficult>0</difficult>
		<bndbox>
			<xmin>24</xmin>
			<ymin>8</ymin>
			<xmax>181</xmax>
			<ymax>240</ymax>
		</bndbox>
	</object>
</annotation>
