<annotation>
	<folder>gun</folder>
	<filename>image_492.jpg</filename>
	<path>D:\project\custom data\test\gun\image_492.jpg</path>
	<source>
		<database>Unknown</database>
	</source>
	<size>
		<width>352</width>
		<height>143</height>
		<depth>3</depth>
	</size>
	<segmented>0</segmented>
	<object>
		<name>gun</name>
		<pose>Unspecified</pose>
		<truncated>1</truncated>
		<difficult>0</difficult>
		<bndbox>
			<xmin>31</xmin>
			<ymin>14</ymin>
			<xmax>132</xmax>
			<ymax>143</ymax>
		</bndbox>
	</object>
	<object>
		<name>gun</name>
		<pose>Unspecified</pose>
		<truncated>0</truncated>
		<difficult>0</difficult>
		<bndbox>
			<xmin>213</xmin>
			<ymin>15</ymin>
			<xmax>318</xmax>
			<ymax>142</ymax>
		</bndbox>
	</object>
</annotation>
