<annotation>
	<folder>gun</folder>
	<filename>image_1303.jpg</filename>
	<path>D:\project\custom data\test\gun\image_1303.jpg</path>
	<source>
		<database>Unknown</database>
	</source>
	<size>
		<width>184</width>
		<height>273</height>
		<depth>3</depth>
	</size>
	<segmented>0</segmented>
	<object>
		<name>gun</name>
		<pose>Unspecified</pose>
		<truncated>0</truncated>
		<difficult>0</difficult>
		<bndbox>
			<xmin>5</xmin>
			<ymin>6</ymin>
			<xmax>180</xmax>
			<ymax>219</ymax>
		</bndbox>
	</object>
</annotation>
