<annotation>
	<folder>gun</folder>
	<filename>image_416.jpg</filename>
	<path>D:\project\custom data\test\gun\image_416.jpg</path>
	<source>
		<database>Unknown</database>
	</source>
	<size>
		<width>348</width>
		<height>145</height>
		<depth>3</depth>
	</size>
	<segmented>0</segmented>
	<object>
		<name>gun</name>
		<pose>Unspecified</pose>
		<truncated>0</truncated>
		<difficult>0</difficult>
		<bndbox>
			<xmin>2</xmin>
			<ymin>26</ymin>
			<xmax>277</xmax>
			<ymax>93</ymax>
		</bndbox>
	</object>
</annotation>
