<annotation>
	<folder>gun</folder>
	<filename>image_407.jpg</filename>
	<path>D:\project\custom data\test\gun\image_407.jpg</path>
	<source>
		<database>Unknown</database>
	</source>
	<size>
		<width>259</width>
		<height>194</height>
		<depth>3</depth>
	</size>
	<segmented>0</segmented>
	<object>
		<name>gun</name>
		<pose>Unspecified</pose>
		<truncated>0</truncated>
		<difficult>0</difficult>
		<bndbox>
			<xmin>25</xmin>
			<ymin>34</ymin>
			<xmax>232</xmax>
			<ymax>169</ymax>
		</bndbox>
	</object>
</annotation>
