<annotation>
	<folder>gun</folder>
	<filename>image_429.jpg</filename>
	<path>D:\project\custom data\test\gun\image_429.jpg</path>
	<source>
		<database>Unknown</database>
	</source>
	<size>
		<width>300</width>
		<height>168</height>
		<depth>3</depth>
	</size>
	<segmented>0</segmented>
	<object>
		<name>gun</name>
		<pose>Unspecified</pose>
		<truncated>0</truncated>
		<difficult>0</difficult>
		<bndbox>
			<xmin>217</xmin>
			<ymin>47</ymin>
			<xmax>291</xmax>
			<ymax>110</ymax>
		</bndbox>
	</object>
</annotation>
