<annotation>
	<folder>gun</folder>
	<filename>image_1305.jpg</filename>
	<path>D:\project\custom data\test\gun\image_1305.jpg</path>
	<source>
		<database>Unknown</database>
	</source>
	<size>
		<width>274</width>
		<height>184</height>
		<depth>3</depth>
	</size>
	<segmented>0</segmented>
	<object>
		<name>gun</name>
		<pose>Unspecified</pose>
		<truncated>0</truncated>
		<difficult>0</difficult>
		<bndbox>
			<xmin>14</xmin>
			<ymin>42</ymin>
			<xmax>232</xmax>
			<ymax>170</ymax>
		</bndbox>
	</object>
</annotation>
