<annotation>
	<folder>gun</folder>
	<filename>image_424.jpg</filename>
	<path>D:\project\custom data\test\gun\image_424.jpg</path>
	<source>
		<database>Unknown</database>
	</source>
	<size>
		<width>500</width>
		<height>400</height>
		<depth>3</depth>
	</size>
	<segmented>0</segmented>
	<object>
		<name>gun</name>
		<pose>Unspecified</pose>
		<truncated>0</truncated>
		<difficult>0</difficult>
		<bndbox>
			<xmin>30</xmin>
			<ymin>89</ymin>
			<xmax>472</xmax>
			<ymax>311</ymax>
		</bndbox>
	</object>
</annotation>
