<annotation>
	<folder>gun</folder>
	<filename>image_1702.jpg</filename>
	<path>D:\project\custom data\test\gun\image_1702.jpg</path>
	<source>
		<database>Unknown</database>
	</source>
	<size>
		<width>372</width>
		<height>136</height>
		<depth>3</depth>
	</size>
	<segmented>0</segmented>
	<object>
		<name>gun</name>
		<pose>Unspecified</pose>
		<truncated>0</truncated>
		<difficult>0</difficult>
		<bndbox>
			<xmin>5</xmin>
			<ymin>22</ymin>
			<xmax>366</xmax>
			<ymax>127</ymax>
		</bndbox>
	</object>
</annotation>
