<annotation>
	<folder>gun</folder>
	<filename>image_1330.jpg</filename>
	<path>D:\project\custom data\test\gun\image_1330.jpg</path>
	<source>
		<database>Unknown</database>
	</source>
	<size>
		<width>259</width>
		<height>194</height>
		<depth>3</depth>
	</size>
	<segmented>0</segmented>
	<object>
		<name>gun</name>
		<pose>Unspecified</pose>
		<truncated>1</truncated>
		<difficult>0</difficult>
		<bndbox>
			<xmin>22</xmin>
			<ymin>1</ymin>
			<xmax>237</xmax>
			<ymax>191</ymax>
		</bndbox>
	</object>
</annotation>
