<annotation>
	<folder>gun</folder>
	<filename>image_1740.jpg</filename>
	<path>D:\project\custom data\test\gun\image_1740.jpg</path>
	<source>
		<database>Unknown</database>
	</source>
	<size>
		<width>319</width>
		<height>158</height>
		<depth>3</depth>
	</size>
	<segmented>0</segmented>
	<object>
		<name>gun</name>
		<pose>Unspecified</pose>
		<truncated>0</truncated>
		<difficult>0</difficult>
		<bndbox>
			<xmin>14</xmin>
			<ymin>34</ymin>
			<xmax>306</xmax>
			<ymax>133</ymax>
		</bndbox>
	</object>
</annotation>
