<annotation>
	<folder>gun</folder>
	<filename>image_1712.jpg</filename>
	<path>D:\project\custom data\test\gun\image_1712.jpg</path>
	<source>
		<database>Unknown</database>
	</source>
	<size>
		<width>169</width>
		<height>299</height>
		<depth>3</depth>
	</size>
	<segmented>0</segmented>
	<object>
		<name>gun</name>
		<pose>Unspecified</pose>
		<truncated>0</truncated>
		<difficult>0</difficult>
		<bndbox>
			<xmin>34</xmin>
			<ymin>7</ymin>
			<xmax>149</xmax>
			<ymax>277</ymax>
		</bndbox>
	</object>
</annotation>
