<annotation>
	<folder>gun</folder>
	<filename>image_1671.jpg</filename>
	<path>D:\project\custom data\test\gun\image_1671.jpg</path>
	<source>
		<database>Unknown</database>
	</source>
	<size>
		<width>332</width>
		<height>152</height>
		<depth>3</depth>
	</size>
	<segmented>0</segmented>
	<object>
		<name>gun</name>
		<pose>Unspecified</pose>
		<truncated>0</truncated>
		<difficult>0</difficult>
		<bndbox>
			<xmin>20</xmin>
			<ymin>38</ymin>
			<xmax>311</xmax>
			<ymax>124</ymax>
		</bndbox>
	</object>
</annotation>
