<annotation>
	<folder>gun</folder>
	<filename>image_1714.jpg</filename>
	<path>D:\project\custom data\test\gun\image_1714.jpg</path>
	<source>
		<database>Unknown</database>
	</source>
	<size>
		<width>168</width>
		<height>300</height>
		<depth>3</depth>
	</size>
	<segmented>0</segmented>
	<object>
		<name>gun</name>
		<pose>Unspecified</pose>
		<truncated>0</truncated>
		<difficult>0</difficult>
		<bndbox>
			<xmin>52</xmin>
			<ymin>36</ymin>
			<xmax>121</xmax>
			<ymax>276</ymax>
		</bndbox>
	</object>
</annotation>
