<annotation>
	<folder>gun</folder>
	<filename>image_1325.jpg</filename>
	<path>D:\project\custom data\test\gun\image_1325.jpg</path>
	<source>
		<database>Unknown</database>
	</source>
	<size>
		<width>287</width>
		<height>176</height>
		<depth>3</depth>
	</size>
	<segmented>0</segmented>
	<object>
		<name>gun</name>
		<pose>Unspecified</pose>
		<truncated>0</truncated>
		<difficult>0</difficult>
		<bndbox>
			<xmin>145</xmin>
			<ymin>11</ymin>
			<xmax>286</xmax>
			<ymax>133</ymax>
		</bndbox>
	</object>
</annotation>
