<annotation>
	<folder>gun</folder>
	<filename>image_1300.jpg</filename>
	<path>D:\project\custom data\test\gun\image_1300.jpg</path>
	<source>
		<database>Unknown</database>
	</source>
	<size>
		<width>300</width>
		<height>168</height>
		<depth>3</depth>
	</size>
	<segmented>0</segmented>
	<object>
		<name>gun</name>
		<pose>Unspecified</pose>
		<truncated>1</truncated>
		<difficult>0</difficult>
		<bndbox>
			<xmin>101</xmin>
			<ymin>25</ymin>
			<xmax>194</xmax>
			<ymax>168</ymax>
		</bndbox>
	</object>
</annotation>
