<annotation>
	<folder>gun</folder>
	<filename>image_457.jpg</filename>
	<path>D:\project\custom data\test\gun\image_457.jpg</path>
	<source>
		<database>Unknown</database>
	</source>
	<size>
		<width>262</width>
		<height>192</height>
		<depth>3</depth>
	</size>
	<segmented>0</segmented>
	<object>
		<name>gun</name>
		<pose>Unspecified</pose>
		<truncated>0</truncated>
		<difficult>0</difficult>
		<bndbox>
			<xmin>38</xmin>
			<ymin>33</ymin>
			<xmax>203</xmax>
			<ymax>148</ymax>
		</bndbox>
	</object>
</annotation>
