<annotation>
	<folder>gun</folder>
	<filename>image_418.jpg</filename>
	<path>D:\project\custom data\test\gun\image_418.jpg</path>
	<source>
		<database>Unknown</database>
	</source>
	<size>
		<width>390</width>
		<height>129</height>
		<depth>3</depth>
	</size>
	<segmented>0</segmented>
	<object>
		<name>gun</name>
		<pose>Unspecified</pose>
		<truncated>0</truncated>
		<difficult>0</difficult>
		<bndbox>
			<xmin>8</xmin>
			<ymin>10</ymin>
			<xmax>381</xmax>
			<ymax>121</ymax>
		</bndbox>
	</object>
</annotation>
