<annotation>
	<folder>gun</folder>
	<filename>image_1704.jpg</filename>
	<path>D:\project\custom data\test\gun\image_1704.jpg</path>
	<source>
		<database>Unknown</database>
	</source>
	<size>
		<width>300</width>
		<height>168</height>
		<depth>3</depth>
	</size>
	<segmented>0</segmented>
	<object>
		<name>gun</name>
		<pose>Unspecified</pose>
		<truncated>0</truncated>
		<difficult>0</difficult>
		<bndbox>
			<xmin>6</xmin>
			<ymin>52</ymin>
			<xmax>292</xmax>
			<ymax>144</ymax>
		</bndbox>
	</object>
</annotation>
