<annotation>
	<folder>gun</folder>
	<filename>image_479.jpg</filename>
	<path>D:\project\custom data\test\gun\image_479.jpg</path>
	<source>
		<database>Unknown</database>
	</source>
	<size>
		<width>209</width>
		<height>241</height>
		<depth>3</depth>
	</size>
	<segmented>0</segmented>
	<object>
		<name>gun</name>
		<pose>Unspecified</pose>
		<truncated>0</truncated>
		<difficult>0</difficult>
		<bndbox>
			<xmin>52</xmin>
			<ymin>9</ymin>
			<xmax>177</xmax>
			<ymax>229</ymax>
		</bndbox>
	</object>
</annotation>
