<annotation>
	<folder>gun</folder>
	<filename>image_500.jpg</filename>
	<path>D:\project\custom data\test\gun\image_500.jpg</path>
	<source>
		<database>Unknown</database>
	</source>
	<size>
		<width>259</width>
		<height>194</height>
		<depth>3</depth>
	</size>
	<segmented>0</segmented>
	<object>
		<name>gun</name>
		<pose>Unspecified</pose>
		<truncated>1</truncated>
		<difficult>0</difficult>
		<bndbox>
			<xmin>128</xmin>
			<ymin>11</ymin>
			<xmax>259</xmax>
			<ymax>191</ymax>
		</bndbox>
	</object>
</annotation>
