<annotation>
	<folder>gun</folder>
	<filename>image_436.jpg</filename>
	<path>D:\project\custom data\test\gun\image_436.jpg</path>
	<source>
		<database>Unknown</database>
	</source>
	<size>
		<width>421</width>
		<height>120</height>
		<depth>3</depth>
	</size>
	<segmented>0</segmented>
	<object>
		<name>gun</name>
		<pose>Unspecified</pose>
		<truncated>1</truncated>
		<difficult>0</difficult>
		<bndbox>
			<xmin>1</xmin>
			<ymin>16</ymin>
			<xmax>421</xmax>
			<ymax>108</ymax>
		</bndbox>
	</object>
</annotation>
