<annotation>
	<folder>gun</folder>
	<filename>image_1732.jpg</filename>
	<path>D:\project\custom data\test\gun\image_1732.jpg</path>
	<source>
		<database>Unknown</database>
	</source>
	<size>
		<width>112</width>
		<height>400</height>
		<depth>3</depth>
	</size>
	<segmented>0</segmented>
	<object>
		<name>gun</name>
		<pose>Unspecified</pose>
		<truncated>1</truncated>
		<difficult>0</difficult>
		<bndbox>
			<xmin>2</xmin>
			<ymin>2</ymin>
			<xmax>104</xmax>
			<ymax>400</ymax>
		</bndbox>
	</object>
</annotation>
