<annotation>
	<folder>bird</folder>
	<filename>image_185.jpg</filename>
	<path>D:\project\custom data\test\bird\image_185.jpg</path>
	<source>
		<database>Unknown</database>
	</source>
	<size>
		<width>305</width>
		<height>165</height>
		<depth>3</depth>
	</size>
	<segmented>0</segmented>
	<object>
		<name>bird</name>
		<pose>Unspecified</pose>
		<truncated>0</truncated>
		<difficult>0</difficult>
		<bndbox>
			<xmin>131</xmin>
			<ymin>23</ymin>
			<xmax>211</xmax>
			<ymax>135</ymax>
		</bndbox>
	</object>
</annotation>
