<annotation>
	<folder>bird</folder>
	<filename>image_198.jpg</filename>
	<path>D:\project\custom data\test\bird\image_198.jpg</path>
	<source>
		<database>Unknown</database>
	</source>
	<size>
		<width>292</width>
		<height>172</height>
		<depth>3</depth>
	</size>
	<segmented>0</segmented>
	<object>
		<name>bird</name>
		<pose>Unspecified</pose>
		<truncated>0</truncated>
		<difficult>0</difficult>
		<bndbox>
			<xmin>27</xmin>
			<ymin>20</ymin>
			<xmax>201</xmax>
			<ymax>153</ymax>
		</bndbox>
	</object>
</annotation>
