<annotation>
	<folder>bird</folder>
	<filename>image_1791.jpg</filename>
	<path>D:\project\custom data\test\bird\image_1791.jpg</path>
	<source>
		<database>Unknown</database>
	</source>
	<size>
		<width>280</width>
		<height>180</height>
		<depth>3</depth>
	</size>
	<segmented>0</segmented>
	<object>
		<name>bird</name>
		<pose>Unspecified</pose>
		<truncated>1</truncated>
		<difficult>0</difficult>
		<bndbox>
			<xmin>110</xmin>
			<ymin>31</ymin>
			<xmax>204</xmax>
			<ymax>180</ymax>
		</bndbox>
	</object>
</annotation>
