<annotation>
	<folder>bird</folder>
	<filename>image_1761.jpg</filename>
	<path>D:\project\custom data\test\bird\image_1761.jpg</path>
	<source>
		<database>Unknown</database>
	</source>
	<size>
		<width>191</width>
		<height>265</height>
		<depth>3</depth>
	</size>
	<segmented>0</segmented>
	<object>
		<name>bird</name>
		<pose>Unspecified</pose>
		<truncated>1</truncated>
		<difficult>0</difficult>
		<bndbox>
			<xmin>28</xmin>
			<ymin>1</ymin>
			<xmax>160</xmax>
			<ymax>248</ymax>
		</bndbox>
	</object>
</annotation>
