<annotation>
	<folder>bird</folder>
	<filename>image_1812.jpg</filename>
	<path>D:\project\custom data\test\bird\image_1812.jpg</path>
	<source>
		<database>Unknown</database>
	</source>
	<size>
		<width>186</width>
		<height>271</height>
		<depth>3</depth>
	</size>
	<segmented>0</segmented>
	<object>
		<name>bird</name>
		<pose>Unspecified</pose>
		<truncated>0</truncated>
		<difficult>0</difficult>
		<bndbox>
			<xmin>12</xmin>
			<ymin>27</ymin>
			<xmax>163</xmax>
			<ymax>257</ymax>
		</bndbox>
	</object>
</annotation>
