<annotation>
	<folder>bird</folder>
	<filename>image_1746.jpg</filename>
	<path>D:\project\custom data\test\bird\image_1746.jpg</path>
	<source>
		<database>Unknown</database>
	</source>
	<size>
		<width>241</width>
		<height>209</height>
		<depth>3</depth>
	</size>
	<segmented>0</segmented>
	<object>
		<name>bird</name>
		<pose>Unspecified</pose>
		<truncated>0</truncated>
		<difficult>0</difficult>
		<bndbox>
			<xmin>59</xmin>
			<ymin>4</ymin>
			<xmax>221</xmax>
			<ymax>202</ymax>
		</bndbox>
	</object>
</annotation>
