<annotation>
	<folder>bird</folder>
	<filename>image_1788.jpg</filename>
	<path>D:\project\custom data\test\bird\image_1788.jpg</path>
	<source>
		<database>Unknown</database>
	</source>
	<size>
		<width>242</width>
		<height>209</height>
		<depth>3</depth>
	</size>
	<segmented>0</segmented>
	<object>
		<name>bird</name>
		<pose>Unspecified</pose>
		<truncated>1</truncated>
		<difficult>0</difficult>
		<bndbox>
			<xmin>11</xmin>
			<ymin>1</ymin>
			<xmax>242</xmax>
			<ymax>209</ymax>
		</bndbox>
	</object>
</annotation>
