<annotation>
	<folder>bird</folder>
	<filename>image_1768.jpg</filename>
	<path>D:\project\custom data\test\bird\image_1768.jpg</path>
	<source>
		<database>Unknown</database>
	</source>
	<size>
		<width>228</width>
		<height>221</height>
		<depth>3</depth>
	</size>
	<segmented>0</segmented>
	<object>
		<name>bird</name>
		<pose>Unspecified</pose>
		<truncated>0</truncated>
		<difficult>0</difficult>
		<bndbox>
			<xmin>36</xmin>
			<ymin>2</ymin>
			<xmax>198</xmax>
			<ymax>219</ymax>
		</bndbox>
	</object>
</annotation>
