<annotation>
	<folder>bird</folder>
	<filename>image_141.jpg</filename>
	<path>D:\project\custom data\test\bird\image_141.jpg</path>
	<source>
		<database>Unknown</database>
	</source>
	<size>
		<width>259</width>
		<height>194</height>
		<depth>3</depth>
	</size>
	<segmented>0</segmented>
	<object>
		<name>bird</name>
		<pose>Unspecified</pose>
		<truncated>0</truncated>
		<difficult>0</difficult>
		<bndbox>
			<xmin>62</xmin>
			<ymin>61</ymin>
			<xmax>151</xmax>
			<ymax>124</ymax>
		</bndbox>
	</object>
	<object>
		<name>bird</name>
		<pose>Unspecified</pose>
		<truncated>0</truncated>
		<difficult>0</difficult>
		<bndbox>
			<xmin>163</xmin>
			<ymin>53</ymin>
			<xmax>218</xmax>
			<ymax>115</ymax>
		</bndbox>
	</object>
</annotation>
