<annotation>
	<folder>bird</folder>
	<filename>image_177.jpg</filename>
	<path>D:\project\custom data\test\bird\image_177.jpg</path>
	<source>
		<database>Unknown</database>
	</source>
	<size>
		<width>275</width>
		<height>183</height>
		<depth>3</depth>
	</size>
	<segmented>0</segmented>
	<object>
		<name>bird</name>
		<pose>Unspecified</pose>
		<truncated>0</truncated>
		<difficult>0</difficult>
		<bndbox>
			<xmin>71</xmin>
			<ymin>26</ymin>
			<xmax>134</xmax>
			<ymax>109</ymax>
		</bndbox>
	</object>
	<object>
		<name>bird</name>
		<pose>Unspecified</pose>
		<truncated>0</truncated>
		<difficult>0</difficult>
		<bndbox>
			<xmin>143</xmin>
			<ymin>38</ymin>
			<xmax>207</xmax>
			<ymax>117</ymax>
		</bndbox>
	</object>
</annotation>
