<annotation>
	<folder>bird</folder>
	<filename>image_103.jpg</filename>
	<path>D:\project\custom data\test\bird\image_103.jpg</path>
	<source>
		<database>Unknown</database>
	</source>
	<size>
		<width>196</width>
		<height>257</height>
		<depth>3</depth>
	</size>
	<segmented>0</segmented>
	<object>
		<name>bird</name>
		<pose>Unspecified</pose>
		<truncated>0</truncated>
		<difficult>0</difficult>
		<bndbox>
			<xmin>42</xmin>
			<ymin>34</ymin>
			<xmax>171</xmax>
			<ymax>215</ymax>
		</bndbox>
	</object>
</annotation>
