<annotation>
	<folder>bird</folder>
	<filename>image_123.jpg</filename>
	<path>D:\project\custom data\test\bird\image_123.jpg</path>
	<source>
		<database>Unknown</database>
	</source>
	<size>
		<width>300</width>
		<height>168</height>
		<depth>3</depth>
	</size>
	<segmented>0</segmented>
	<object>
		<name>bird</name>
		<pose>Unspecified</pose>
		<truncated>0</truncated>
		<difficult>0</difficult>
		<bndbox>
			<xmin>32</xmin>
			<ymin>59</ymin>
			<xmax>94</xmax>
			<ymax>128</ymax>
		</bndbox>
	</object>
	<object>
		<name>bird</name>
		<pose>Unspecified</pose>
		<truncated>0</truncated>
		<difficult>0</difficult>
		<bndbox>
			<xmin>167</xmin>
			<ymin>49</ymin>
			<xmax>236</xmax>
			<ymax>112</ymax>
		</bndbox>
	</object>
</annotation>
