<annotation>
	<folder>bird</folder>
	<filename>image_149.jpg</filename>
	<path>D:\project\custom data\test\bird\image_149.jpg</path>
	<source>
		<database>Unknown</database>
	</source>
	<size>
		<width>219</width>
		<height>230</height>
		<depth>3</depth>
	</size>
	<segmented>0</segmented>
	<object>
		<name>bird</name>
		<pose>Unspecified</pose>
		<truncated>0</truncated>
		<difficult>0</difficult>
		<bndbox>
			<xmin>35</xmin>
			<ymin>18</ymin>
			<xmax>168</xmax>
			<ymax>186</ymax>
		</bndbox>
	</object>
</annotation>
