<annotation>
	<folder>bird</folder>
	<filename>image_154.jpg</filename>
	<path>D:\project\custom data\test\bird\image_154.jpg</path>
	<source>
		<database>Unknown</database>
	</source>
	<size>
		<width>322</width>
		<height>156</height>
		<depth>3</depth>
	</size>
	<segmented>0</segmented>
	<object>
		<name>bird</name>
		<pose>Unspecified</pose>
		<truncated>0</truncated>
		<difficult>0</difficult>
		<bndbox>
			<xmin>152</xmin>
			<ymin>14</ymin>
			<xmax>201</xmax>
			<ymax>111</ymax>
		</bndbox>
	</object>
	<object>
		<name>bird</name>
		<pose>Unspecified</pose>
		<truncated>0</truncated>
		<difficult>0</difficult>
		<bndbox>
			<xmin>202</xmin>
			<ymin>27</ymin>
			<xmax>259</xmax>
			<ymax>108</ymax>
		</bndbox>
	</object>
</annotation>
