<annotation>
	<folder>bird</folder>
	<filename>image_124.jpg</filename>
	<path>D:\project\custom data\test\bird\image_124.jpg</path>
	<source>
		<database>Unknown</database>
	</source>
	<size>
		<width>299</width>
		<height>168</height>
		<depth>3</depth>
	</size>
	<segmented>0</segmented>
	<object>
		<name>bird</name>
		<pose>Unspecified</pose>
		<truncated>0</truncated>
		<difficult>0</difficult>
		<bndbox>
			<xmin>59</xmin>
			<ymin>5</ymin>
			<xmax>155</xmax>
			<ymax>86</ymax>
		</bndbox>
	</object>
	<object>
		<name>bird</name>
		<pose>Unspecified</pose>
		<truncated>0</truncated>
		<difficult>0</difficult>
		<bndbox>
			<xmin>156</xmin>
			<ymin>39</ymin>
			<xmax>203</xmax>
			<ymax>96</ymax>
		</bndbox>
	</object>
</annotation>
