<annotation>
	<folder>bird</folder>
	<filename>image_133.jpg</filename>
	<path>D:\project\custom data\test\bird\image_133.jpg</path>
	<source>
		<database>Unknown</database>
	</source>
	<size>
		<width>250</width>
		<height>202</height>
		<depth>3</depth>
	</size>
	<segmented>0</segmented>
	<object>
		<name>bird</name>
		<pose>Unspecified</pose>
		<truncated>0</truncated>
		<difficult>0</difficult>
		<bndbox>
			<xmin>46</xmin>
			<ymin>21</ymin>
			<xmax>205</xmax>
			<ymax>156</ymax>
		</bndbox>
	</object>
</annotation>
