<annotation>
	<folder>bird</folder>
	<filename>image_193.jpg</filename>
	<path>D:\project\custom data\test\bird\image_193.jpg</path>
	<source>
		<database>Unknown</database>
	</source>
	<size>
		<width>271</width>
		<height>186</height>
		<depth>3</depth>
	</size>
	<segmented>0</segmented>
	<object>
		<name>bird</name>
		<pose>Unspecified</pose>
		<truncated>0</truncated>
		<difficult>0</difficult>
		<bndbox>
			<xmin>106</xmin>
			<ymin>30</ymin>
			<xmax>208</xmax>
			<ymax>108</ymax>
		</bndbox>
	</object>
</annotation>
