<annotation>
	<folder>bird</folder>
	<filename>image_1783.jpg</filename>
	<path>D:\project\custom data\test\bird\image_1783.jpg</path>
	<source>
		<database>Unknown</database>
	</source>
	<size>
		<width>191</width>
		<height>264</height>
		<depth>3</depth>
	</size>
	<segmented>0</segmented>
	<object>
		<name>bird</name>
		<pose>Unspecified</pose>
		<truncated>1</truncated>
		<difficult>0</difficult>
		<bndbox>
			<xmin>4</xmin>
			<ymin>3</ymin>
			<xmax>187</xmax>
			<ymax>264</ymax>
		</bndbox>
	</object>
</annotation>
