<annotation>
	<folder>bird</folder>
	<filename>image_118.jpg</filename>
	<path>D:\project\custom data\test\bird\image_118.jpg</path>
	<source>
		<database>Unknown</database>
	</source>
	<size>
		<width>202</width>
		<height>250</height>
		<depth>3</depth>
	</size>
	<segmented>0</segmented>
	<object>
		<name>bird</name>
		<pose>Unspecified</pose>
		<truncated>0</truncated>
		<difficult>0</difficult>
		<bndbox>
			<xmin>40</xmin>
			<ymin>38</ymin>
			<xmax>138</xmax>
			<ymax>173</ymax>
		</bndbox>
	</object>
</annotation>
