<annotation>
	<folder>bird</folder>
	<filename>image_146.jpg</filename>
	<path>D:\project\custom data\test\bird\image_146.jpg</path>
	<source>
		<database>Unknown</database>
	</source>
	<size>
		<width>275</width>
		<height>183</height>
		<depth>3</depth>
	</size>
	<segmented>0</segmented>
	<object>
		<name>bird</name>
		<pose>Unspecified</pose>
		<truncated>0</truncated>
		<difficult>0</difficult>
		<bndbox>
			<xmin>47</xmin>
			<ymin>29</ymin>
			<xmax>197</xmax>
			<ymax>144</ymax>
		</bndbox>
	</object>
</annotation>
