<annotation>
	<folder>bird</folder>
	<filename>image_1774.jpg</filename>
	<path>D:\project\custom data\test\bird\image_1774.jpg</path>
	<source>
		<database>Unknown</database>
	</source>
	<size>
		<width>190</width>
		<height>266</height>
		<depth>3</depth>
	</size>
	<segmented>0</segmented>
	<object>
		<name>bird</name>
		<pose>Unspecified</pose>
		<truncated>0</truncated>
		<difficult>0</difficult>
		<bndbox>
			<xmin>35</xmin>
			<ymin>38</ymin>
			<xmax>164</xmax>
			<ymax>253</ymax>
		</bndbox>
	</object>
</annotation>
