<annotation>
	<folder>bird</folder>
	<filename>image_1800.jpg</filename>
	<path>D:\project\custom data\test\bird\image_1800.jpg</path>
	<source>
		<database>Unknown</database>
	</source>
	<size>
		<width>278</width>
		<height>181</height>
		<depth>3</depth>
	</size>
	<segmented>0</segmented>
	<object>
		<name>bird</name>
		<pose>Unspecified</pose>
		<truncated>0</truncated>
		<difficult>0</difficult>
		<bndbox>
			<xmin>128</xmin>
			<ymin>2</ymin>
			<xmax>244</xmax>
			<ymax>165</ymax>
		</bndbox>
	</object>
</annotation>
