<annotation>
	<folder>bird</folder>
	<filename>image_1744.jpg</filename>
	<path>D:\project\custom data\test\bird\image_1744.jpg</path>
	<source>
		<database>Unknown</database>
	</source>
	<size>
		<width>187</width>
		<height>270</height>
		<depth>3</depth>
	</size>
	<segmented>0</segmented>
	<object>
		<name>bird</name>
		<pose>Unspecified</pose>
		<truncated>0</truncated>
		<difficult>0</difficult>
		<bndbox>
			<xmin>25</xmin>
			<ymin>32</ymin>
			<xmax>160</xmax>
			<ymax>242</ymax>
		</bndbox>
	</object>
</annotation>
