<annotation>
	<folder>bird</folder>
	<filename>image_1781.jpg</filename>
	<path>D:\project\custom data\test\bird\image_1781.jpg</path>
	<source>
		<database>Unknown</database>
	</source>
	<size>
		<width>259</width>
		<height>194</height>
		<depth>3</depth>
	</size>
	<segmented>0</segmented>
	<object>
		<name>bird</name>
		<pose>Unspecified</pose>
		<truncated>0</truncated>
		<difficult>0</difficult>
		<bndbox>
			<xmin>31</xmin>
			<ymin>47</ymin>
			<xmax>124</xmax>
			<ymax>174</ymax>
		</bndbox>
	</object>
	<object>
		<name>bird</name>
		<pose>Unspecified</pose>
		<truncated>0</truncated>
		<difficult>0</difficult>
		<bndbox>
			<xmin>127</xmin>
			<ymin>14</ymin>
			<xmax>228</xmax>
			<ymax>155</ymax>
		</bndbox>
	</object>
</annotation>
