<annotation>
	<folder>bird</folder>
	<filename>image_1799.jpg</filename>
	<path>D:\project\custom data\test\bird\image_1799.jpg</path>
	<source>
		<database>Unknown</database>
	</source>
	<size>
		<width>308</width>
		<height>163</height>
		<depth>3</depth>
	</size>
	<segmented>0</segmented>
	<object>
		<name>bird</name>
		<pose>Unspecified</pose>
		<truncated>1</truncated>
		<difficult>0</difficult>
		<bndbox>
			<xmin>2</xmin>
			<ymin>6</ymin>
			<xmax>121</xmax>
			<ymax>163</ymax>
		</bndbox>
	</object>
	<object>
		<name>bird</name>
		<pose>Unspecified</pose>
		<truncated>1</truncated>
		<difficult>0</difficult>
		<bndbox>
			<xmin>128</xmin>
			<ymin>3</ymin>
			<xmax>260</xmax>
			<ymax>163</ymax>
		</bndbox>
	</object>
</annotation>
