<annotation>
	<folder>bird</folder>
	<filename>image_117.jpg</filename>
	<path>D:\project\custom data\test\bird\image_117.jpg</path>
	<source>
		<database>Unknown</database>
	</source>
	<size>
		<width>263</width>
		<height>191</height>
		<depth>3</depth>
	</size>
	<segmented>0</segmented>
	<object>
		<name>bird</name>
		<pose>Unspecified</pose>
		<truncated>0</truncated>
		<difficult>0</difficult>
		<bndbox>
			<xmin>45</xmin>
			<ymin>30</ymin>
			<xmax>232</xmax>
			<ymax>145</ymax>
		</bndbox>
	</object>
</annotation>
