<annotation>
	<folder>bird</folder>
	<filename>image_1777.jpg</filename>
	<path>D:\project\custom data\test\bird\image_1777.jpg</path>
	<source>
		<database>Unknown</database>
	</source>
	<size>
		<width>183</width>
		<height>275</height>
		<depth>3</depth>
	</size>
	<segmented>0</segmented>
	<object>
		<name>bird</name>
		<pose>Unspecified</pose>
		<truncated>0</truncated>
		<difficult>0</difficult>
		<bndbox>
			<xmin>29</xmin>
			<ymin>63</ymin>
			<xmax>120</xmax>
			<ymax>248</ymax>
		</bndbox>
	</object>
</annotation>
