<annotation>
	<folder>bird</folder>
	<filename>image_163.jpg</filename>
	<path>D:\project\custom data\test\bird\image_163.jpg</path>
	<source>
		<database>Unknown</database>
	</source>
	<size>
		<width>212</width>
		<height>237</height>
		<depth>3</depth>
	</size>
	<segmented>0</segmented>
	<object>
		<name>bird</name>
		<pose>Unspecified</pose>
		<truncated>0</truncated>
		<difficult>0</difficult>
		<bndbox>
			<xmin>23</xmin>
			<ymin>69</ymin>
			<xmax>165</xmax>
			<ymax>190</ymax>
		</bndbox>
	</object>
</annotation>
