<annotation>
	<folder>bird</folder>
	<filename>image_1773.jpg</filename>
	<path>D:\project\custom data\test\bird\image_1773.jpg</path>
	<source>
		<database>Unknown</database>
	</source>
	<size>
		<width>185</width>
		<height>272</height>
		<depth>3</depth>
	</size>
	<segmented>0</segmented>
	<object>
		<name>bird</name>
		<pose>Unspecified</pose>
		<truncated>0</truncated>
		<difficult>0</difficult>
		<bndbox>
			<xmin>10</xmin>
			<ymin>42</ymin>
			<xmax>100</xmax>
			<ymax>241</ymax>
		</bndbox>
	</object>
	<object>
		<name>bird</name>
		<pose>Unspecified</pose>
		<truncated>0</truncated>
		<difficult>0</difficult>
		<bndbox>
			<xmin>101</xmin>
			<ymin>43</ymin>
			<xmax>178</xmax>
			<ymax>233</ymax>
		</bndbox>
	</object>
</annotation>
