<annotation>
	<folder>bird</folder>
	<filename>image_148.jpg</filename>
	<path>D:\project\custom data\test\bird\image_148.jpg</path>
	<source>
		<database>Unknown</database>
	</source>
	<size>
		<width>275</width>
		<height>183</height>
		<depth>3</depth>
	</size>
	<segmented>0</segmented>
	<object>
		<name>bird</name>
		<pose>Unspecified</pose>
		<truncated>0</truncated>
		<difficult>0</difficult>
		<bndbox>
			<xmin>32</xmin>
			<ymin>28</ymin>
			<xmax>189</xmax>
			<ymax>155</ymax>
		</bndbox>
	</object>
</annotation>
