<annotation>
	<folder>bird</folder>
	<filename>image_1792.jpg</filename>
	<path>D:\project\custom data\test\bird\image_1792.jpg</path>
	<source>
		<database>Unknown</database>
	</source>
	<size>
		<width>296</width>
		<height>170</height>
		<depth>3</depth>
	</size>
	<segmented>0</segmented>
	<object>
		<name>bird</name>
		<pose>Unspecified</pose>
		<truncated>0</truncated>
		<difficult>0</difficult>
		<bndbox>
			<xmin>177</xmin>
			<ymin>49</ymin>
			<xmax>270</xmax>
			<ymax>156</ymax>
		</bndbox>
	</object>
	<object>
		<name>bird</name>
		<pose>Unspecified</pose>
		<truncated>0</truncated>
		<difficult>0</difficult>
		<bndbox>
			<xmin>10</xmin>
			<ymin>57</ymin>
			<xmax>77</xmax>
			<ymax>147</ymax>
		</bndbox>
	</object>
</annotation>
