<annotation>
	<folder>bird</folder>
	<filename>image_190.jpg</filename>
	<path>D:\project\custom data\test\bird\image_190.jpg</path>
	<source>
		<database>Unknown</database>
	</source>
	<size>
		<width>275</width>
		<height>183</height>
		<depth>3</depth>
	</size>
	<segmented>0</segmented>
	<object>
		<name>bird</name>
		<pose>Unspecified</pose>
		<truncated>0</truncated>
		<difficult>0</difficult>
		<bndbox>
			<xmin>21</xmin>
			<ymin>52</ymin>
			<xmax>204</xmax>
			<ymax>146</ymax>
		</bndbox>
	</object>
</annotation>
