<annotation>
	<folder>bird</folder>
	<filename>image_1786.jpg</filename>
	<path>D:\project\custom data\test\bird\image_1786.jpg</path>
	<source>
		<database>Unknown</database>
	</source>
	<size>
		<width>224</width>
		<height>224</height>
		<depth>3</depth>
	</size>
	<segmented>0</segmented>
	<object>
		<name>bird</name>
		<pose>Unspecified</pose>
		<truncated>0</truncated>
		<difficult>0</difficult>
		<bndbox>
			<xmin>12</xmin>
			<ymin>21</ymin>
			<xmax>205</xmax>
			<ymax>215</ymax>
		</bndbox>
	</object>
</annotation>
