<annotation>
	<folder>bird</folder>
	<filename>image_142.jpg</filename>
	<path>D:\project\custom data\test\bird\image_142.jpg</path>
	<source>
		<database>Unknown</database>
	</source>
	<size>
		<width>284</width>
		<height>177</height>
		<depth>3</depth>
	</size>
	<segmented>0</segmented>
	<object>
		<name>bird</name>
		<pose>Unspecified</pose>
		<truncated>0</truncated>
		<difficult>0</difficult>
		<bndbox>
			<xmin>69</xmin>
			<ymin>19</ymin>
			<xmax>252</xmax>
			<ymax>138</ymax>
		</bndbox>
	</object>
</annotation>
