<annotation>
	<folder>bird</folder>
	<filename>image_191.jpg</filename>
	<path>D:\project\custom data\test\bird\image_191.jpg</path>
	<source>
		<database>Unknown</database>
	</source>
	<size>
		<width>201</width>
		<height>251</height>
		<depth>3</depth>
	</size>
	<segmented>0</segmented>
	<object>
		<name>bird</name>
		<pose>Unspecified</pose>
		<truncated>0</truncated>
		<difficult>0</difficult>
		<bndbox>
			<xmin>57</xmin>
			<ymin>62</ymin>
			<xmax>178</xmax>
			<ymax>230</ymax>
		</bndbox>
	</object>
</annotation>
