<annotation>
	<folder>bird</folder>
	<filename>image_1745.jpg</filename>
	<path>D:\project\custom data\test\bird\image_1745.jpg</path>
	<source>
		<database>Unknown</database>
	</source>
	<size>
		<width>186</width>
		<height>271</height>
		<depth>3</depth>
	</size>
	<segmented>0</segmented>
	<object>
		<name>bird</name>
		<pose>Unspecified</pose>
		<truncated>1</truncated>
		<difficult>0</difficult>
		<bndbox>
			<xmin>8</xmin>
			<ymin>6</ymin>
			<xmax>177</xmax>
			<ymax>271</ymax>
		</bndbox>
	</object>
</annotation>
