<annotation>
	<folder>bird</folder>
	<filename>image_110.jpg</filename>
	<path>D:\project\custom data\test\bird\image_110.jpg</path>
	<source>
		<database>Unknown</database>
	</source>
	<size>
		<width>225</width>
		<height>225</height>
		<depth>3</depth>
	</size>
	<segmented>0</segmented>
	<object>
		<name>bird</name>
		<pose>Unspecified</pose>
		<truncated>0</truncated>
		<difficult>0</difficult>
		<bndbox>
			<xmin>37</xmin>
			<ymin>47</ymin>
			<xmax>201</xmax>
			<ymax>166</ymax>
		</bndbox>
	</object>
</annotation>
