<annotation>
	<folder>bird</folder>
	<filename>image_197.jpg</filename>
	<path>D:\project\custom data\test\bird\image_197.jpg</path>
	<source>
		<database>Unknown</database>
	</source>
	<size>
		<width>278</width>
		<height>181</height>
		<depth>3</depth>
	</size>
	<segmented>0</segmented>
	<object>
		<name>bird</name>
		<pose>Unspecified</pose>
		<truncated>0</truncated>
		<difficult>0</difficult>
		<bndbox>
			<xmin>50</xmin>
			<ymin>6</ymin>
			<xmax>200</xmax>
			<ymax>124</ymax>
		</bndbox>
	</object>
</annotation>
