<annotation>
	<folder>bird</folder>
	<filename>image_1784.jpg</filename>
	<path>D:\project\custom data\test\bird\image_1784.jpg</path>
	<source>
		<database>Unknown</database>
	</source>
	<size>
		<width>225</width>
		<height>225</height>
		<depth>3</depth>
	</size>
	<segmented>0</segmented>
	<object>
		<name>bird</name>
		<pose>Unspecified</pose>
		<truncated>0</truncated>
		<difficult>0</difficult>
		<bndbox>
			<xmin>34</xmin>
			<ymin>53</ymin>
			<xmax>204</xmax>
			<ymax>200</ymax>
		</bndbox>
	</object>
</annotation>
