<annotation>
	<folder>bird</folder>
	<filename>image_160.jpg</filename>
	<path>D:\project\custom data\test\bird\image_160.jpg</path>
	<source>
		<database>Unknown</database>
	</source>
	<size>
		<width>303</width>
		<height>166</height>
		<depth>3</depth>
	</size>
	<segmented>0</segmented>
	<object>
		<name>bird</name>
		<pose>Unspecified</pose>
		<truncated>0</truncated>
		<difficult>0</difficult>
		<bndbox>
			<xmin>17</xmin>
			<ymin>35</ymin>
			<xmax>100</xmax>
			<ymax>135</ymax>
		</bndbox>
	</object>
	<object>
		<name>bird</name>
		<pose>Unspecified</pose>
		<truncated>0</truncated>
		<difficult>0</difficult>
		<bndbox>
			<xmin>197</xmin>
			<ymin>19</ymin>
			<xmax>284</xmax>
			<ymax>125</ymax>
		</bndbox>
	</object>
</annotation>
