<annotation>
	<folder>bird</folder>
	<filename>image_1771.jpg</filename>
	<path>D:\project\custom data\test\bird\image_1771.jpg</path>
	<source>
		<database>Unknown</database>
	</source>
	<size>
		<width>183</width>
		<height>275</height>
		<depth>3</depth>
	</size>
	<segmented>0</segmented>
	<object>
		<name>bird</name>
		<pose>Unspecified</pose>
		<truncated>0</truncated>
		<difficult>0</difficult>
		<bndbox>
			<xmin>25</xmin>
			<ymin>121</ymin>
			<xmax>81</xmax>
			<ymax>253</ymax>
		</bndbox>
	</object>
	<object>
		<name>bird</name>
		<pose>Unspecified</pose>
		<truncated>0</truncated>
		<difficult>0</difficult>
		<bndbox>
			<xmin>79</xmin>
			<ymin>68</ymin>
			<xmax>160</xmax>
			<ymax>257</ymax>
		</bndbox>
	</object>
</annotation>
