<annotation>
	<folder>bird</folder>
	<filename>image_164.jpg</filename>
	<path>D:\project\custom data\test\bird\image_164.jpg</path>
	<source>
		<database>Unknown</database>
	</source>
	<size>
		<width>236</width>
		<height>214</height>
		<depth>3</depth>
	</size>
	<segmented>0</segmented>
	<object>
		<name>bird</name>
		<pose>Unspecified</pose>
		<truncated>0</truncated>
		<difficult>0</difficult>
		<bndbox>
			<xmin>57</xmin>
			<ymin>16</ymin>
			<xmax>170</xmax>
			<ymax>164</ymax>
		</bndbox>
	</object>
</annotation>
