<annotation>
	<folder>bird</folder>
	<filename>image_1748.jpg</filename>
	<path>D:\project\custom data\test\bird\image_1748.jpg</path>
	<source>
		<database>Unknown</database>
	</source>
	<size>
		<width>229</width>
		<height>220</height>
		<depth>3</depth>
	</size>
	<segmented>0</segmented>
	<object>
		<name>bird</name>
		<pose>Unspecified</pose>
		<truncated>0</truncated>
		<difficult>0</difficult>
		<bndbox>
			<xmin>51</xmin>
			<ymin>37</ymin>
			<xmax>174</xmax>
			<ymax>209</ymax>
		</bndbox>
	</object>
</annotation>
