<annotation>
	<folder>bird</folder>
	<filename>image_188.jpg</filename>
	<path>D:\project\custom data\test\bird\image_188.jpg</path>
	<source>
		<database>Unknown</database>
	</source>
	<size>
		<width>194</width>
		<height>259</height>
		<depth>3</depth>
	</size>
	<segmented>0</segmented>
	<object>
		<name>bird</name>
		<pose>Unspecified</pose>
		<truncated>0</truncated>
		<difficult>0</difficult>
		<bndbox>
			<xmin>36</xmin>
			<ymin>86</ymin>
			<xmax>177</xmax>
			<ymax>219</ymax>
		</bndbox>
	</object>
</annotation>
