<annotation>
	<folder>bird</folder>
	<filename>image_115.jpg</filename>
	<path>D:\project\custom data\test\bird\image_115.jpg</path>
	<source>
		<database>Unknown</database>
	</source>
	<size>
		<width>259</width>
		<height>194</height>
		<depth>3</depth>
	</size>
	<segmented>0</segmented>
	<object>
		<name>bird</name>
		<pose>Unspecified</pose>
		<truncated>0</truncated>
		<difficult>0</difficult>
		<bndbox>
			<xmin>64</xmin>
			<ymin>3</ymin>
			<xmax>195</xmax>
			<ymax>157</ymax>
		</bndbox>
	</object>
</annotation>
