<annotation>
	<folder>bird</folder>
	<filename>image_143.jpg</filename>
	<path>D:\project\custom data\test\bird\image_143.jpg</path>
	<source>
		<database>Unknown</database>
	</source>
	<size>
		<width>259</width>
		<height>194</height>
		<depth>3</depth>
	</size>
	<segmented>0</segmented>
	<object>
		<name>bird</name>
		<pose>Unspecified</pose>
		<truncated>0</truncated>
		<difficult>0</difficult>
		<bndbox>
			<xmin>86</xmin>
			<ymin>17</ymin>
			<xmax>249</xmax>
			<ymax>151</ymax>
		</bndbox>
	</object>
</annotation>
