<annotation>
	<folder>bird</folder>
	<filename>image_1779.jpg</filename>
	<path>D:\project\custom data\test\bird\image_1779.jpg</path>
	<source>
		<database>Unknown</database>
	</source>
	<size>
		<width>238</width>
		<height>211</height>
		<depth>3</depth>
	</size>
	<segmented>0</segmented>
	<object>
		<name>bird</name>
		<pose>Unspecified</pose>
		<truncated>0</truncated>
		<difficult>0</difficult>
		<bndbox>
			<xmin>15</xmin>
			<ymin>26</ymin>
			<xmax>163</xmax>
			<ymax>184</ymax>
		</bndbox>
	</object>
</annotation>
