<annotation>
	<folder>bird</folder>
	<filename>image_1796.jpg</filename>
	<path>D:\project\custom data\test\bird\image_1796.jpg</path>
	<source>
		<database>Unknown</database>
	</source>
	<size>
		<width>300</width>
		<height>168</height>
		<depth>3</depth>
	</size>
	<segmented>0</segmented>
	<object>
		<name>bird</name>
		<pose>Unspecified</pose>
		<truncated>0</truncated>
		<difficult>0</difficult>
		<bndbox>
			<xmin>23</xmin>
			<ymin>11</ymin>
			<xmax>153</xmax>
			<ymax>157</ymax>
		</bndbox>
	</object>
	<object>
		<name>bird</name>
		<pose>Unspecified</pose>
		<truncated>0</truncated>
		<difficult>0</difficult>
		<bndbox>
			<xmin>156</xmin>
			<ymin>20</ymin>
			<xmax>252</xmax>
			<ymax>160</ymax>
		</bndbox>
	</object>
</annotation>
