<annotation>
	<folder>bird</folder>
	<filename>image_151.jpg</filename>
	<path>D:\project\custom data\test\bird\image_151.jpg</path>
	<source>
		<database>Unknown</database>
	</source>
	<size>
		<width>250</width>
		<height>201</height>
		<depth>3</depth>
	</size>
	<segmented>0</segmented>
	<object>
		<name>bird</name>
		<pose>Unspecified</pose>
		<truncated>0</truncated>
		<difficult>0</difficult>
		<bndbox>
			<xmin>38</xmin>
			<ymin>73</ymin>
			<xmax>162</xmax>
			<ymax>177</ymax>
		</bndbox>
	</object>
	<object>
		<name>bird</name>
		<pose>Unspecified</pose>
		<truncated>0</truncated>
		<difficult>0</difficult>
		<bndbox>
			<xmin>169</xmin>
			<ymin>24</ymin>
			<xmax>227</xmax>
			<ymax>163</ymax>
		</bndbox>
	</object>
</annotation>
