<annotation>
	<folder>bird</folder>
	<filename>image_1765.jpg</filename>
	<path>D:\project\custom data\test\bird\image_1765.jpg</path>
	<source>
		<database>Unknown</database>
	</source>
	<size>
		<width>225</width>
		<height>225</height>
		<depth>3</depth>
	</size>
	<segmented>0</segmented>
	<object>
		<name>bird</name>
		<pose>Unspecified</pose>
		<truncated>0</truncated>
		<difficult>0</difficult>
		<bndbox>
			<xmin>38</xmin>
			<ymin>48</ymin>
			<xmax>187</xmax>
			<ymax>186</ymax>
		</bndbox>
	</object>
</annotation>
