<annotation>
	<folder>bird</folder>
	<filename>image_1806.jpg</filename>
	<path>D:\project\custom data\test\bird\image_1806.jpg</path>
	<source>
		<database>Unknown</database>
	</source>
	<size>
		<width>303</width>
		<height>166</height>
		<depth>3</depth>
	</size>
	<segmented>0</segmented>
	<object>
		<name>bird</name>
		<pose>Unspecified</pose>
		<truncated>0</truncated>
		<difficult>0</difficult>
		<bndbox>
			<xmin>8</xmin>
			<ymin>40</ymin>
			<xmax>152</xmax>
			<ymax>160</ymax>
		</bndbox>
	</object>
</annotation>
