<annotation>
	<folder>bird</folder>
	<filename>image_119.jpg</filename>
	<path>D:\project\custom data\test\bird\image_119.jpg</path>
	<source>
		<database>Unknown</database>
	</source>
	<size>
		<width>272</width>
		<height>185</height>
		<depth>3</depth>
	</size>
	<segmented>0</segmented>
	<object>
		<name>bird</name>
		<pose>Unspecified</pose>
		<truncated>0</truncated>
		<difficult>0</difficult>
		<bndbox>
			<xmin>122</xmin>
			<ymin>23</ymin>
			<xmax>260</xmax>
			<ymax>160</ymax>
		</bndbox>
	</object>
</annotation>
