<annotation>
	<folder>bird</folder>
	<filename>image_157.jpg</filename>
	<path>D:\project\custom data\test\bird\image_157.jpg</path>
	<source>
		<database>Unknown</database>
	</source>
	<size>
		<width>310</width>
		<height>162</height>
		<depth>3</depth>
	</size>
	<segmented>0</segmented>
	<object>
		<name>bird</name>
		<pose>Unspecified</pose>
		<truncated>0</truncated>
		<difficult>0</difficult>
		<bndbox>
			<xmin>97</xmin>
			<ymin>25</ymin>
			<xmax>209</xmax>
			<ymax>114</ymax>
		</bndbox>
	</object>
</annotation>
