<annotation>
	<folder>bird</folder>
	<filename>image_1775.jpg</filename>
	<path>D:\project\custom data\test\bird\image_1775.jpg</path>
	<source>
		<database>Unknown</database>
	</source>
	<size>
		<width>225</width>
		<height>224</height>
		<depth>3</depth>
	</size>
	<segmented>0</segmented>
	<object>
		<name>bird</name>
		<pose>Unspecified</pose>
		<truncated>0</truncated>
		<difficult>0</difficult>
		<bndbox>
			<xmin>27</xmin>
			<ymin>24</ymin>
			<xmax>172</xmax>
			<ymax>205</ymax>
		</bndbox>
	</object>
</annotation>
