<annotation>
	<folder>bird</folder>
	<filename>image_1752.jpg</filename>
	<path>D:\project\custom data\test\bird\image_1752.jpg</path>
	<source>
		<database>Unknown</database>
	</source>
	<size>
		<width>300</width>
		<height>168</height>
		<depth>3</depth>
	</size>
	<segmented>0</segmented>
	<object>
		<name>bird</name>
		<pose>Unspecified</pose>
		<truncated>0</truncated>
		<difficult>0</difficult>
		<bndbox>
			<xmin>96</xmin>
			<ymin>40</ymin>
			<xmax>181</xmax>
			<ymax>146</ymax>
		</bndbox>
	</object>
</annotation>
