<annotation>
	<folder>bird</folder>
	<filename>image_150.jpg</filename>
	<path>D:\project\custom data\test\bird\image_150.jpg</path>
	<source>
		<database>Unknown</database>
	</source>
	<size>
		<width>248</width>
		<height>204</height>
		<depth>3</depth>
	</size>
	<segmented>0</segmented>
	<object>
		<name>bird</name>
		<pose>Unspecified</pose>
		<truncated>0</truncated>
		<difficult>0</difficult>
		<bndbox>
			<xmin>38</xmin>
			<ymin>54</ymin>
			<xmax>225</xmax>
			<ymax>138</ymax>
		</bndbox>
	</object>
</annotation>
