<annotation>
	<folder>bird</folder>
	<filename>image_1798.jpg</filename>
	<path>D:\project\custom data\test\bird\image_1798.jpg</path>
	<source>
		<database>Unknown</database>
	</source>
	<size>
		<width>256</width>
		<height>197</height>
		<depth>3</depth>
	</size>
	<segmented>0</segmented>
	<object>
		<name>bird</name>
		<pose>Unspecified</pose>
		<truncated>0</truncated>
		<difficult>0</difficult>
		<bndbox>
			<xmin>35</xmin>
			<ymin>70</ymin>
			<xmax>114</xmax>
			<ymax>187</ymax>
		</bndbox>
	</object>
	<object>
		<name>bird</name>
		<pose>Unspecified</pose>
		<truncated>0</truncated>
		<difficult>0</difficult>
		<bndbox>
			<xmin>116</xmin>
			<ymin>69</ymin>
			<xmax>167</xmax>
			<ymax>188</ymax>
		</bndbox>
	</object>
	<object>
		<name>bird</name>
		<pose>Unspecified</pose>
		<truncated>0</truncated>
		<difficult>0</difficult>
		<bndbox>
			<xmin>168</xmin>
			<ymin>78</ymin>
			<xmax>227</xmax>
			<ymax>189</ymax>
		</bndbox>
	</object>
</annotation>
