<annotation>
	<folder>bird</folder>
	<filename>image_184.jpg</filename>
	<path>D:\project\custom data\test\bird\image_184.jpg</path>
	<source>
		<database>Unknown</database>
	</source>
	<size>
		<width>275</width>
		<height>183</height>
		<depth>3</depth>
	</size>
	<segmented>0</segmented>
	<object>
		<name>bird</name>
		<pose>Unspecified</pose>
		<truncated>0</truncated>
		<difficult>0</difficult>
		<bndbox>
			<xmin>52</xmin>
			<ymin>18</ymin>
			<xmax>215</xmax>
			<ymax>142</ymax>
		</bndbox>
	</object>
</annotation>
